entry,Group,PLOT,PLANT,Longitude,Latitude,d15N_T1,NDFA_T1_B73xMo17_ref,NDFA_T1_B73_ref,d15N_T2,NDFA_T2_B73xMo17_ref,NDFA_T2_B73_ref,HEIGHT_in,HEIGHT_cm,NODES,NODES_w_BR,NODES_w_AR,NODES_w_BRandAR,DAYS_TO_TASSEL,DAYS_TO_POLLEN,COBS,SILKS
B73xMo17,Modern,1A,1.1,1.00,1.00,6.78,NA,-1.24,NA,NA,NA,NA,NA,NA,NA,NA,NA,74.00,81.00,2.00,2.00
B73xMo17,Modern,1A,1.2,2.00,1.00,8.38,NA,-25.18,NA,NA,NA,NA,NA,NA,NA,NA,NA,67.00,74.00,2.00,1.00
B73xMo17,Modern,1A,1.3,3.00,1.00,9.29,NA,-38.76,NA,NA,NA,65.25,165.74,12.00,2.00,1.00,3.00,74.00,74.00,1.00,1.00
B73xMo17,Modern,1A,1.4,4.00,1.00,10.51,NA,-57.03,NA,NA,NA,NA,NA,NA,NA,NA,NA,74.00,74.00,1.00,1.00
B73xMo17,Modern,1A,1.5,5.00,1.00,13.69,NA,-104.48,NA,NA,NA,NA,NA,NA,NA,NA,NA,74.00,81.00,1.00,1.00
B73xMo17,Modern,1A,1.6,6.00,1.00,12.21,NA,-82.42,NA,NA,NA,60.50,153.67,12.00,2.00,2.00,4.00,74.00,74.00,1.00,1.00
B73xMo17,Modern,1A,1.7,7.00,1.00,10.93,NA,-63.31,NA,NA,NA,NA,NA,NA,NA,NA,NA,67.00,74.00,2.00,2.00
B73xMo17,Modern,1A,2.1,1.00,2.00,6.10,NA,8.81,NA,NA,NA,NA,NA,NA,NA,NA,NA,74.00,81.00,2.00,2.00
B73xMo17,Modern,1A,2.2,2.00,2.00,8.67,NA,-29.53,NA,NA,NA,76.50,194.31,13.00,2.00,2.00,4.00,74.00,81.00,2.00,2.00
B73xMo17,Modern,1A,2.3,3.00,2.00,8.58,NA,-28.15,NA,NA,NA,62.00,157.48,11.00,2.00,1.00,3.00,67.00,74.00,1.00,1.00
B73xMo17,Modern,1A,2.4,4.00,2.00,9.82,NA,-46.65,NA,NA,NA,72.50,184.15,14.00,2.00,2.00,4.00,74.00,74.00,1.00,1.00
B73xMo17,Modern,1A,2.5,5.00,2.00,11.33,NA,-69.28,NA,NA,NA,70.50,179.07,13.00,2.00,0.00,2.00,81.00,81.00,1.00,1.00
B73xMo17,Modern,1A,2.6,6.00,2.00,9.70,NA,-44.92,NA,NA,NA,68.00,172.72,13.00,2.00,1.00,3.00,74.00,81.00,2.00,2.00
B73xMo17,Modern,1A,2.7,7.00,2.00,12.60,NA,-88.28,NA,NA,NA,NA,NA,NA,NA,NA,NA,81.00,81.00,2.00,2.00
B73xMo17,Modern,1A,3.1,1.00,3.00,9.99,NA,-49.31,NA,NA,NA,NA,NA,NA,NA,NA,NA,74.00,74.00,2.00,1.00
B73xMo17,Modern,1A,3.2,2.00,3.00,9.08,NA,-35.59,NA,NA,NA,76.00,193.04,14.00,2.00,1.00,3.00,74.00,81.00,1.00,1.00
B73xMo17,Modern,1A,3.3,3.00,3.00,10.39,NA,-55.24,NA,NA,NA,83.50,212.09,15.00,2.00,1.00,3.00,74.00,81.00,2.00,2.00
B73xMo17,Modern,1A,3.4,4.00,3.00,11.38,NA,-70.06,NA,NA,NA,70.50,179.07,12.00,1.00,1.00,2.00,74.00,81.00,1.00,1.00
B73xMo17,Modern,1A,3.5,5.00,3.00,15.02,NA,-124.37,NA,NA,NA,67.25,170.82,12.00,2.00,1.00,3.00,74.00,81.00,1.00,1.00
B73xMo17,Modern,1A,3.6,6.00,3.00,10.42,NA,-55.61,NA,NA,NA,66.00,167.64,12.00,2.00,2.00,4.00,67.00,74.00,2.00,2.00
B73xMo17,Modern,1A,3.7,7.00,3.00,10.36,NA,-54.75,NA,NA,NA,NA,NA,NA,NA,NA,NA,74.00,81.00,1.00,1.00
B73xMo17,Modern,1A,4.1,1.00,4.00,9.84,NA,-46.98,NA,NA,NA,NA,NA,NA,NA,NA,NA,74.00,81.00,1.00,1.00
B73xMo17,Modern,1A,4.2,2.00,4.00,9.82,NA,-46.78,NA,NA,NA,77.50,196.85,13.00,0.00,0.00,0.00,81.00,81.00,2.00,2.00
B73xMo17,Modern,1A,4.3,3.00,4.00,10.00,NA,-49.35,NA,NA,NA,70.25,178.44,13.00,2.00,1.00,3.00,74.00,81.00,2.00,2.00
B73xMo17,Modern,1A,4.4,4.00,4.00,9.66,NA,-44.26,NA,NA,NA,NA,NA,NA,NA,NA,NA,74.00,81.00,1.00,1.00
B73xMo17,Modern,1A,4.5,5.00,4.00,11.12,NA,-66.12,NA,NA,NA,NA,NA,NA,NA,NA,NA,74.00,74.00,1.00,1.00
B73xMo17,Modern,1A,4.6,6.00,4.00,10.94,NA,-63.45,NA,NA,NA,65.75,167.01,12.00,2.00,2.00,4.00,74.00,81.00,1.00,1.00
B73xMo17,Modern,1A,4.7,7.00,4.00,12.79,NA,-91.12,NA,NA,NA,NA,NA,NA,NA,NA,NA,NA,NA,NA,NA
B73,Modern,1B,1.1,1.00,5.00,8.57,-69.80,-28.01,NA,NA,NA,NA,NA,NA,NA,NA,NA,74.00,81.00,1.00,1.00
B73,Modern,1B,1.2,2.00,5.00,7.51,-48.84,-12.21,NA,NA,NA,NA,NA,NA,NA,NA,NA,74.00,81.00,1.00,1.00
B73,Modern,1B,1.3,3.00,5.00,10.88,-115.58,-62.53,NA,NA,NA,39.25,99.70,11.00,2.00,2.00,4.00,74.00,81.00,1.00,1.00
B73,Modern,1B,1.4,4.00,5.00,8.39,-66.24,-25.32,NA,NA,NA,NA,NA,NA,NA,NA,NA,74.00,81.00,1.00,1.00
B73,Modern,1B,1.5,5.00,5.00,10.54,-108.81,-57.42,NA,NA,NA,NA,NA,NA,NA,NA,NA,81.00,88.00,1.00,1.00
B73,Modern,1B,1.6,6.00,5.00,7.17,-42.18,-7.19,NA,NA,NA,41.50,105.41,11.00,2.00,2.00,4.00,74.00,81.00,2.00,2.00
B73,Modern,1B,1.7,7.00,5.00,6.34,-25.57,5.33,NA,NA,NA,NA,NA,NA,NA,NA,NA,74.00,74.00,1.00,1.00
B73,Modern,1B,2.1,1.00,6.00,8.17,-61.91,-22.06,NA,NA,NA,NA,NA,NA,NA,NA,NA,74.00,74.00,1.00,1.00
B73,Modern,1B,2.2,2.00,6.00,7.26,-43.83,-8.43,NA,NA,NA,44.75,113.67,11.00,2.00,2.00,4.00,74.00,81.00,1.00,1.00
B73,Modern,1B,2.3,3.00,6.00,8.41,-66.62,-25.62,NA,NA,NA,59.00,149.86,14.00,3.00,2.00,5.00,74.00,88.00,2.00,2.00
B73,Modern,1B,2.4,4.00,6.00,7.73,-53.25,-15.54,NA,NA,NA,49.75,126.37,12.00,3.00,1.00,4.00,74.00,81.00,1.00,1.00
B73,Modern,1B,2.5,5.00,6.00,7.50,-48.66,-12.08,NA,NA,NA,58.25,147.96,14.00,3.00,2.00,5.00,81.00,88.00,1.00,1.00
B73,Modern,1B,2.6,6.00,6.00,7.36,-45.89,-9.99,NA,NA,NA,58.50,148.59,14.00,3.00,2.00,5.00,74.00,81.00,2.00,2.00
B73,Modern,1B,2.7,7.00,6.00,6.29,-24.72,5.97,NA,NA,NA,NA,NA,NA,NA,NA,NA,81.00,81.00,2.00,2.00
B73,Modern,1B,3.1,1.00,7.00,5.05,0.01,24.62,NA,NA,NA,NA,NA,NA,NA,NA,NA,81.00,88.00,1.00,1.00
B73,Modern,1B,3.2,2.00,7.00,7.23,-43.18,-7.94,NA,NA,NA,37.25,94.62,12.00,3.00,2.00,5.00,81.00,95.00,1.00,1.00
B73,Modern,1B,3.3,3.00,7.00,5.90,-16.83,11.92,NA,NA,NA,48.25,122.56,12.00,3.00,2.00,5.00,74.00,88.00,1.00,1.00
B73,Modern,1B,3.4,4.00,7.00,5.54,-9.73,17.28,NA,NA,NA,44.25,112.40,11.00,2.00,2.00,4.00,74.00,81.00,1.00,1.00
B73,Modern,1B,3.5,5.00,7.00,6.57,-30.15,1.88,NA,NA,NA,47.25,120.02,12.00,3.00,2.00,5.00,74.00,81.00,1.00,1.00
B73,Modern,1B,3.6,6.00,7.00,NA,NA,NA,NA,NA,NA,NA,NA,NA,NA,NA,NA,NA,NA,NA,NA
B73,Modern,1B,3.7,7.00,7.00,6.89,-36.52,-2.92,NA,NA,NA,53.50,135.89,13.00,2.00,1.00,3.00,81.00,88.00,1.00,1.00
B73,Modern,1B,4.1,1.00,8.00,5.85,-15.88,12.64,NA,NA,NA,NA,NA,NA,NA,NA,NA,74.00,81.00,1.00,1.00
B73,Modern,1B,4.2,2.00,8.00,3.89,22.97,41.93,NA,NA,NA,NA,NA,NA,NA,NA,NA,NA,NA,NA,NA
B73,Modern,1B,4.3,3.00,8.00,6.38,-26.40,4.71,NA,NA,NA,46.50,118.11,11.00,2.00,2.00,4.00,74.00,81.00,1.00,1.00
B73,Modern,1B,4.4,4.00,8.00,5.38,-6.60,19.64,NA,NA,NA,NA,NA,NA,NA,NA,NA,74.00,81.00,2.00,1.00
B73,Modern,1B,4.5,5.00,8.00,3.26,35.31,51.23,NA,NA,NA,NA,NA,NA,NA,NA,NA,74.00,81.00,2.00,2.00
B73,Modern,1B,4.6,6.00,8.00,3.00,40.56,55.18,NA,NA,NA,41.25,104.78,13.00,2.00,2.00,4.00,74.00,81.00,2.00,1.00
B73,Modern,1B,4.7,7.00,8.00,3.69,26.94,44.92,NA,NA,NA,NA,NA,NA,NA,NA,NA,74.00,81.00,2.00,2.00
Mo17,Modern,1C,1.1,1.00,9.00,NA,NA,NA,NA,NA,NA,NA,NA,NA,NA,NA,NA,74.00,81.00,2.00,NA
Mo17,Modern,1C,1.2,2.00,9.00,3.62,28.30,45.94,NA,NA,NA,NA,NA,NA,NA,NA,NA,74.00,81.00,1.00,1.00
Mo17,Modern,1C,1.3,3.00,9.00,5.03,0.28,24.82,NA,NA,NA,61.00,154.94,13.00,3.00,2.00,5.00,74.00,81.00,2.00,2.00
Mo17,Modern,1C,1.4,4.00,9.00,4.36,13.65,34.90,NA,NA,NA,NA,NA,NA,NA,NA,NA,74.00,81.00,1.00,1.00
Mo17,Modern,1C,1.5,5.00,9.00,4.38,13.23,34.59,NA,NA,NA,NA,NA,NA,NA,NA,NA,74.00,81.00,2.00,1.00
Mo17,Modern,1C,1.6,6.00,9.00,3.23,35.97,51.73,NA,NA,NA,51.25,130.18,10.00,1.00,1.00,2.00,81.00,88.00,1.00,1.00
Mo17,Modern,1C,1.7,7.00,9.00,2.63,47.90,60.72,NA,NA,NA,NA,NA,NA,NA,NA,NA,74.00,74.00,1.00,1.00
Mo17,Modern,1C,2.1,1.00,10.00,3.66,27.38,45.25,NA,NA,NA,NA,NA,NA,NA,NA,NA,74.00,81.00,2.00,1.00
Mo17,Modern,1C,2.2,2.00,10.00,5.00,0.85,25.25,NA,NA,NA,NA,NA,NA,NA,NA,NA,NA,NA,NA,NA
Mo17,Modern,1C,2.3,3.00,10.00,5.67,-12.28,15.35,NA,NA,NA,55.25,140.34,12.00,1.00,0.00,1.00,74.00,81.00,2.00,1.00
Mo17,Modern,1C,2.4,4.00,10.00,3.91,22.52,41.59,NA,NA,NA,58.75,149.23,12.00,1.00,1.00,2.00,74.00,81.00,2.00,2.00
Mo17,Modern,1C,2.5,5.00,10.00,3.67,27.18,45.10,NA,NA,NA,39.00,99.06,11.00,1.00,1.00,2.00,81.00,81.00,1.00,1.00
Mo17,Modern,1C,2.6,6.00,10.00,5.25,-4.00,21.59,NA,NA,NA,60.50,153.67,13.00,2.00,1.00,3.00,74.00,81.00,2.00,1.00
Mo17,Modern,1C,2.7,7.00,10.00,5.60,-11.05,16.28,NA,NA,NA,NA,NA,NA,NA,NA,NA,74.00,81.00,1.00,1.00
Mo17,Modern,1C,3.1,1.00,11.00,5.39,-6.84,19.46,NA,NA,NA,49.00,124.46,10.00,1.00,1.00,2.00,74.00,74.00,1.00,1.00
Mo17,Modern,1C,3.2,2.00,11.00,5.71,-13.17,14.68,NA,NA,NA,52.25,132.72,11.00,2.00,1.00,3.00,74.00,74.00,2.00,1.00
Mo17,Modern,1C,3.3,3.00,11.00,5.27,-4.37,21.31,NA,NA,NA,47.25,120.02,10.00,1.00,1.00,2.00,74.00,81.00,2.00,1.00
Mo17,Modern,1C,3.4,4.00,11.00,4.52,10.49,32.52,NA,NA,NA,47.00,119.38,10.00,2.00,1.00,3.00,74.00,81.00,2.00,2.00
Mo17,Modern,1C,3.5,5.00,11.00,4.69,7.14,29.99,NA,NA,NA,49.25,125.10,11.00,2.00,1.00,3.00,74.00,74.00,2.00,2.00
Mo17,Modern,1C,3.6,6.00,11.00,NA,NA,NA,NA,NA,NA,NA,NA,NA,NA,NA,NA,NA,NA,NA,NA
Mo17,Modern,1C,3.7,7.00,11.00,NA,NA,NA,NA,NA,NA,NA,NA,NA,NA,NA,NA,NA,NA,NA,NA
Mo17,Modern,1C,4.1,1.00,12.00,3.55,29.64,46.96,NA,NA,NA,NA,NA,NA,NA,NA,NA,74.00,81.00,1.00,1.00
Mo17,Modern,1C,4.2,2.00,12.00,5.21,-3.15,22.24,NA,NA,NA,58.50,148.59,11.00,2.00,2.00,4.00,74.00,81.00,3.00,2.00
Mo17,Modern,1C,4.3,3.00,12.00,4.26,15.67,36.42,NA,NA,NA,57.25,145.42,11.00,2.00,2.00,4.00,74.00,81.00,2.00,1.00
Mo17,Modern,1C,4.4,4.00,12.00,6.06,-20.05,9.49,NA,NA,NA,53.00,134.62,11.00,1.00,1.00,2.00,74.00,81.00,1.00,NA
Mo17,Modern,1C,4.5,5.00,12.00,NA,NA,NA,NA,NA,NA,NA,NA,NA,NA,NA,NA,NA,NA,NA,NA
Mo17,Modern,1C,4.6,6.00,12.00,NA,NA,NA,NA,NA,NA,NA,NA,NA,NA,NA,NA,NA,NA,NA,NA
Mo17,Modern,1C,4.7,7.00,12.00,NA,NA,NA,NA,NA,NA,NA,NA,NA,NA,NA,NA,NA,NA,NA,NA
B73xMo17,Modern,1D,1.1,1.00,13.00,2.57,NA,61.61,NA,NA,NA,NA,NA,NA,NA,NA,NA,81.00,81.00,2.00,2.00
B73xMo17,Modern,1D,1.2,2.00,13.00,NA,NA,100.00,NA,NA,NA,NA,NA,NA,NA,NA,NA,81.00,NA,NA,NA
B73xMo17,Modern,1D,1.3,3.00,13.00,5.45,NA,18.55,NA,NA,NA,83.50,212.09,14.00,2.00,1.00,3.00,74.00,74.00,3.00,2.00
B73xMo17,Modern,1D,1.4,4.00,13.00,5.27,NA,21.26,NA,NA,NA,NA,NA,NA,NA,NA,NA,67.00,74.00,1.00,1.00
B73xMo17,Modern,1D,1.5,5.00,13.00,4.08,NA,39.02,NA,NA,NA,NA,NA,NA,NA,NA,NA,67.00,74.00,2.00,1.00
B73xMo17,Modern,1D,1.6,6.00,13.00,5.58,NA,16.67,NA,NA,NA,58.50,148.59,14.00,2.00,1.00,3.00,67.00,74.00,2.00,2.00
B73xMo17,Modern,1D,1.7,7.00,13.00,3.02,NA,54.84,NA,NA,NA,NA,NA,NA,NA,NA,NA,74.00,81.00,2.00,2.00
B73xMo17,Modern,1D,2.1,1.00,14.00,3.67,NA,45.24,NA,NA,NA,NA,NA,NA,NA,NA,NA,NA,NA,1.00,1.00
B73xMo17,Modern,1D,2.2,2.00,14.00,2.52,NA,62.42,NA,NA,NA,60.50,153.67,12.00,2.00,1.00,3.00,67.00,74.00,2.00,1.00
B73xMo17,Modern,1D,2.3,3.00,14.00,3.72,NA,44.46,NA,NA,NA,72.00,182.88,12.00,1.00,0.00,1.00,74.00,74.00,2.00,2.00
B73xMo17,Modern,1D,2.4,4.00,14.00,2.46,NA,63.24,NA,NA,NA,64.25,163.20,10.00,1.00,1.00,2.00,74.00,74.00,1.00,1.00
B73xMo17,Modern,1D,2.5,5.00,14.00,3.30,NA,50.77,NA,NA,NA,59.50,151.13,11.00,2.00,1.00,3.00,67.00,74.00,1.00,1.00
B73xMo17,Modern,1D,2.6,6.00,14.00,3.66,NA,45.27,NA,NA,NA,69.75,177.17,13.00,1.00,1.00,2.00,74.00,81.00,2.00,2.00
B73xMo17,Modern,1D,2.7,7.00,14.00,2.25,NA,66.32,NA,NA,NA,NA,NA,NA,NA,NA,NA,67.00,74.00,1.00,1.00
B73xMo17,Modern,1D,3.1,1.00,15.00,1.89,NA,71.70,NA,NA,NA,NA,NA,NA,NA,NA,NA,74.00,74.00,2.00,1.00
B73xMo17,Modern,1D,3.2,2.00,15.00,1.71,NA,74.52,NA,NA,NA,65.75,167.01,12.00,2.00,1.00,3.00,81.00,81.00,2.00,1.00
B73xMo17,Modern,1D,3.3,3.00,15.00,3.26,NA,51.26,NA,NA,NA,58.50,148.59,12.00,1.00,1.00,2.00,74.00,81.00,1.00,1.00
B73xMo17,Modern,1D,3.4,4.00,15.00,3.56,NA,46.76,NA,NA,NA,64.75,164.47,10.00,1.00,1.00,2.00,81.00,81.00,2.00,2.00
B73xMo17,Modern,1D,3.5,5.00,15.00,2.29,NA,65.74,NA,NA,NA,66.25,168.28,12.00,1.00,1.00,2.00,74.00,81.00,1.00,1.00
B73xMo17,Modern,1D,3.6,6.00,15.00,1.82,NA,72.85,NA,NA,NA,51.25,130.18,11.00,1.00,1.00,2.00,81.00,81.00,2.00,2.00
B73xMo17,Modern,1D,3.7,7.00,15.00,3.05,NA,54.48,NA,NA,NA,NA,NA,NA,NA,NA,NA,67.00,74.00,2.00,1.00
B73xMo17,Modern,1D,4.1,1.00,16.00,0.93,NA,86.13,NA,NA,NA,NA,NA,NA,NA,NA,NA,81.00,81.00,2.00,1.00
B73xMo17,Modern,1D,4.2,2.00,16.00,3.14,NA,53.07,NA,NA,NA,56.25,142.88,11.00,2.00,1.00,3.00,67.00,74.00,2.00,1.00
B73xMo17,Modern,1D,4.3,3.00,16.00,NA,NA,100.00,NA,NA,NA,NA,NA,NA,NA,NA,NA,NA,NA,NA,NA
B73xMo17,Modern,1D,4.4,4.00,16.00,3.85,NA,42.44,NA,NA,NA,62.00,157.48,12.00,2.00,1.00,3.00,67.00,74.00,1.00,1.00
B73xMo17,Modern,1D,4.5,5.00,16.00,2.70,NA,59.60,NA,NA,NA,NA,NA,NA,NA,NA,NA,67.00,74.00,2.00,1.00
B73xMo17,Modern,1D,4.6,6.00,16.00,3.41,NA,49.13,NA,NA,NA,63.25,160.66,12.00,6.00,1.00,7.00,74.00,81.00,2.00,1.00
B73xMo17,Modern,1D,4.7,7.00,16.00,1.84,NA,72.50,NA,NA,NA,NA,NA,NA,NA,NA,NA,74.00,74.00,2.00,1.00
Hickory_King,Modern,2A,1.1,8.00,1.00,9.26,-83.41,-38.27,NA,NA,NA,NA,NA,NA,NA,NA,NA,74.00,81.00,2.00,2.00
Hickory_King,Modern,2A,1.2,9.00,1.00,8.47,-67.79,-26.50,NA,NA,NA,NA,NA,NA,NA,NA,NA,74.00,81.00,1.00,1.00
Hickory_King,Modern,2A,1.3,10.00,1.00,8.29,-64.18,-23.77,NA,NA,NA,69.25,175.90,13.00,1.00,1.00,2.00,81.00,88.00,1.00,1.00
Hickory_King,Modern,2A,1.4,11.00,1.00,8.91,-76.61,-33.14,NA,NA,NA,NA,NA,NA,NA,NA,NA,74.00,88.00,2.00,2.00
Hickory_King,Modern,2A,1.5,12.00,1.00,9.35,-85.19,-39.61,NA,NA,NA,NA,NA,NA,NA,NA,NA,81.00,88.00,1.00,1.00
Hickory_King,Modern,2A,1.6,13.00,1.00,8.68,-72.03,-29.70,NA,NA,NA,70.50,179.07,14.00,1.00,1.00,2.00,74.00,81.00,3.00,2.00
Hickory_King,Modern,2A,1.7,14.00,1.00,8.44,-67.16,-26.02,NA,NA,NA,NA,NA,NA,NA,NA,NA,88.00,95.00,2.00,2.00
Hickory_King,Modern,2A,2.1,8.00,2.00,9.48,-87.93,-41.68,NA,NA,NA,NA,NA,NA,NA,NA,NA,74.00,81.00,2.00,1.00
Hickory_King,Modern,2A,2.2,9.00,2.00,8.52,-68.83,-27.28,NA,NA,NA,71.75,182.25,13.00,2.00,1.00,3.00,67.00,81.00,2.00,2.00
Hickory_King,Modern,2A,2.3,10.00,2.00,8.08,-60.13,-20.72,NA,NA,NA,58.50,148.59,10.00,2.00,1.00,3.00,74.00,81.00,1.00,1.00
Hickory_King,Modern,2A,2.4,11.00,2.00,8.31,-64.77,-24.22,NA,NA,NA,69.00,175.26,12.00,2.00,0.00,2.00,67.00,81.00,1.00,1.00
Hickory_King,Modern,2A,2.5,12.00,2.00,9.10,-80.24,-35.89,NA,NA,NA,55.50,140.97,11.00,2.00,1.00,3.00,74.00,81.00,1.00,1.00
Hickory_King,Modern,2A,2.6,13.00,2.00,8.27,-63.81,-23.50,NA,NA,NA,87.25,221.62,14.00,1.00,1.00,2.00,74.00,88.00,2.00,2.00
Hickory_King,Modern,2A,2.7,14.00,2.00,6.39,-26.61,4.55,NA,NA,NA,NA,NA,NA,NA,NA,NA,67.00,74.00,1.00,1.00
Hickory_King,Modern,2A,3.1,8.00,3.00,11.09,-119.84,-65.74,NA,NA,NA,NA,NA,NA,NA,NA,NA,67.00,74.00,1.00,1.00
Hickory_King,Modern,2A,3.2,9.00,3.00,9.68,-91.86,-44.64,NA,NA,NA,61.25,155.58,12.00,3.00,1.00,4.00,67.00,74.00,2.00,1.00
Hickory_King,Modern,2A,3.3,10.00,3.00,8.11,-60.63,-21.10,NA,NA,NA,64.25,163.20,10.00,1.00,0.00,1.00,74.00,81.00,1.00,1.00
Hickory_King,Modern,2A,3.4,11.00,3.00,9.03,-78.89,-34.87,NA,NA,NA,56.25,142.88,12.00,3.00,2.00,5.00,74.00,81.00,2.00,2.00
Hickory_King,Modern,2A,3.5,12.00,3.00,7.35,-45.67,-9.82,NA,NA,NA,45.25,114.94,11.00,0.00,0.00,0.00,88.00,88.00,NA,NA
Hickory_King,Modern,2A,3.6,13.00,3.00,6.70,-32.80,-0.12,NA,NA,NA,85.50,217.17,13.00,1.00,1.00,2.00,81.00,88.00,1.00,1.00
Hickory_King,Modern,2A,3.7,14.00,3.00,4.66,7.66,30.38,NA,NA,NA,NA,NA,NA,NA,NA,NA,74.00,81.00,2.00,2.00
Hickory_King,Modern,2A,4.1,8.00,4.00,9.59,-89.99,-43.23,NA,NA,NA,NA,NA,NA,NA,NA,NA,81.00,81.00,2.00,2.00
Hickory_King,Modern,2A,4.2,9.00,4.00,8.31,-64.70,-24.17,NA,NA,NA,37.50,95.25,10.00,2.00,1.00,3.00,67.00,74.00,1.00,1.00
Hickory_King,Modern,2A,4.3,10.00,4.00,8.45,-67.51,-26.29,NA,NA,NA,57.75,146.69,14.00,2.00,1.00,3.00,67.00,74.00,1.00,1.00
Hickory_King,Modern,2A,4.4,11.00,4.00,8.84,-75.27,-32.14,NA,NA,NA,NA,NA,NA,NA,NA,NA,74.00,81.00,1.00,1.00
Hickory_King,Modern,2A,4.5,12.00,4.00,8.37,-65.95,-25.11,NA,NA,NA,NA,NA,NA,NA,NA,NA,81.00,88.00,1.00,1.00
Hickory_King,Modern,2A,4.6,13.00,4.00,8.43,-67.09,-25.97,NA,NA,NA,59.50,151.13,12.00,1.00,1.00,2.00,88.00,88.00,2.00,2.00
Hickory_King,Modern,2A,4.7,14.00,4.00,6.91,-36.85,-3.17,NA,NA,NA,NA,NA,NA,NA,NA,NA,67.00,74.00,1.00,1.00
San_Miguel_Metepec,Highland,2B,1.1,8.00,5.00,5.99,-18.73,10.49,6.75,-33.68,-0.78,NA,NA,NA,NA,NA,NA,109.00,109.00,1.00,1.00
San_Miguel_Metepec,Highland,2B,1.2,9.00,5.00,6.86,-35.95,-2.50,6.47,-28.28,3.29,89.75,227.97,14.00,3.00,3.00,6.00,95.00,102.00,2.00,2.00
San_Miguel_Metepec,Highland,2B,1.3,10.00,5.00,6.90,-36.67,-3.03,7.04,-39.47,-5.15,NA,NA,NA,NA,NA,NA,109.00,116.00,NA,NA
San_Miguel_Metepec,Highland,2B,1.4,11.00,5.00,7.78,-54.17,-16.23,7.61,-50.81,-13.69,NA,NA,NA,NA,NA,NA,102.00,116.00,1.00,1.00
San_Miguel_Metepec,Highland,2B,1.5,12.00,5.00,6.38,-26.41,4.70,7.92,-57.04,-18.39,NA,NA,NA,NA,NA,NA,102.00,102.00,1.00,1.00
San_Miguel_Metepec,Highland,2B,1.6,13.00,5.00,5.93,-17.43,11.47,6.91,-36.94,-3.24,108.50,275.59,19.00,7.00,6.00,13.00,102.00,109.00,1.00,1.00
San_Miguel_Metepec,Highland,2B,1.7,14.00,5.00,NA,NA,NA,NA,NA,NA,NA,NA,NA,NA,NA,NA,NA,NA,NA,NA
San_Miguel_Metepec,Highland,2B,2.1,8.00,6.00,6.31,-24.98,5.78,6.82,-35.23,-1.95,88.75,225.43,18.00,4.00,4.00,8.00,102.00,102.00,2.00,2.00
San_Miguel_Metepec,Highland,2B,2.2,9.00,6.00,5.58,-10.54,16.66,6.03,-19.44,9.95,119.00,302.26,18.00,5.00,4.00,9.00,102.00,102.00,2.00,2.00
San_Miguel_Metepec,Highland,2B,2.3,10.00,6.00,NA,NA,NA,NA,NA,NA,NA,NA,NA,NA,NA,NA,NA,NA,NA,NA
San_Miguel_Metepec,Highland,2B,2.4,11.00,6.00,6.93,-37.30,-3.51,7.36,-45.87,-9.97,108.00,274.32,16.00,3.00,2.00,5.00,102.00,102.00,2.00,2.00
San_Miguel_Metepec,Highland,2B,2.5,12.00,6.00,7.01,-38.84,-4.67,8.11,-60.66,-21.12,NA,NA,NA,NA,NA,NA,116.00,116.00,NA,NA
San_Miguel_Metepec,Highland,2B,2.6,13.00,6.00,7.36,-45.88,-9.98,7.58,-50.20,-13.24,NA,NA,NA,NA,NA,NA,NA,NA,NA,NA
San_Miguel_Metepec,Highland,2B,2.7,14.00,6.00,7.62,-50.97,-13.82,6.71,-33.05,-0.30,74.00,187.96,15.00,4.00,3.00,7.00,102.00,109.00,NA,NA
San_Miguel_Metepec,Highland,2B,3.1,8.00,7.00,NA,NA,NA,4.62,8.50,31.02,90.50,229.87,15.00,5.00,4.00,9.00,95.00,102.00,2.00,2.00
San_Miguel_Metepec,Highland,2B,3.2,9.00,7.00,5.07,-0.41,24.30,7.45,-47.56,-11.24,47.50,120.65,13.00,2.00,1.00,3.00,123.00,123.00,NA,NA
San_Miguel_Metepec,Highland,2B,3.3,10.00,7.00,NA,NA,NA,NA,NA,NA,NA,NA,NA,NA,NA,NA,NA,NA,NA,NA
San_Miguel_Metepec,Highland,2B,3.4,11.00,7.00,3.11,38.39,53.55,6.88,-36.35,-2.79,108.75,276.23,16.00,3.00,3.00,6.00,102.00,102.00,2.00,2.00
San_Miguel_Metepec,Highland,2B,3.5,12.00,7.00,5.33,-5.70,20.31,6.96,-37.89,-3.96,99.75,253.37,15.00,2.00,2.00,4.00,102.00,109.00,2.00,2.00
San_Miguel_Metepec,Highland,2B,3.6,13.00,7.00,5.97,-18.21,10.88,7.03,-39.38,-5.08,88.50,224.79,16.00,4.00,3.00,7.00,102.00,116.00,1.00,NA
San_Miguel_Metepec,Highland,2B,3.7,14.00,7.00,6.49,-28.63,3.02,8.02,-58.94,-19.82,NA,NA,NA,NA,NA,NA,102.00,109.00,2.00,2.00
San_Miguel_Metepec,Highland,2B,4.1,8.00,8.00,2.44,51.61,63.52,NA,NA,NA,NA,NA,NA,NA,NA,NA,NA,NA,NA,NA
San_Miguel_Metepec,Highland,2B,4.2,9.00,8.00,2.55,49.45,61.89,4.93,2.22,26.29,98.75,250.83,15.00,4.00,3.00,7.00,95.00,102.00,2.00,2.00
San_Miguel_Metepec,Highland,2B,4.3,10.00,8.00,2.93,41.97,56.25,5.98,-18.46,10.70,115.50,293.37,18.00,3.00,3.00,6.00,102.00,102.00,2.00,2.00
San_Miguel_Metepec,Highland,2B,4.4,11.00,8.00,5.35,-6.08,20.03,6.59,-30.54,1.58,NA,NA,NA,NA,NA,NA,116.00,116.00,NA,NA
San_Miguel_Metepec,Highland,2B,4.5,12.00,8.00,5.84,-15.68,12.79,7.08,-40.24,-5.72,NA,NA,NA,NA,NA,NA,102.00,102.00,1.00,1.00
San_Miguel_Metepec,Highland,2B,4.6,13.00,8.00,7.47,-48.09,-11.64,6.69,-32.65,0.00,107.50,273.05,16.00,5.00,4.00,9.00,95.00,102.00,2.00,2.00
San_Miguel_Metepec,Highland,2B,4.7,14.00,8.00,8.00,-58.55,-19.53,7.65,-51.67,-14.35,NA,NA,NA,NA,NA,NA,102.00,116.00,1.00,1.00
Jala_Nayarit,Lowland,2C,1.1,8.00,9.00,-0.11,102.21,101.67,1.40,72.22,79.06,NA,NA,NA,NA,NA,NA,102.00,102.00,3.00,2.00
Jala_Nayarit,Lowland,2C,1.2,9.00,9.00,1.39,72.39,79.18,5.60,-10.97,16.34,134.00,340.36,22.00,3.00,2.00,5.00,116.00,116.00,1.00,1.00
Jala_Nayarit,Lowland,2C,1.3,10.00,9.00,3.83,24.16,42.82,6.69,-32.66,-0.01,NA,NA,NA,NA,NA,NA,102.00,116.00,2.00,2.00
Jala_Nayarit,Lowland,2C,1.4,11.00,9.00,1.84,63.53,72.50,6.63,-31.38,0.96,NA,NA,NA,NA,NA,NA,102.00,116.00,2.00,2.00
Jala_Nayarit,Lowland,2C,1.5,12.00,9.00,NA,NA,NA,NA,NA,NA,NA,NA,NA,NA,NA,NA,NA,NA,NA,NA
Jala_Nayarit,Lowland,2C,1.6,13.00,9.00,6.19,-22.72,7.48,NA,NA,NA,97.75,248.29,20.00,4.00,3.00,7.00,102.00,102.00,1.00,1.00
Jala_Nayarit,Lowland,2C,1.7,14.00,9.00,NA,NA,NA,NA,NA,NA,NA,NA,NA,NA,NA,NA,NA,NA,NA,NA
Jala_Nayarit,Lowland,2C,2.1,8.00,10.00,0.98,80.58,85.36,3.06,39.40,54.32,NA,NA,NA,NA,NA,NA,102.00,102.00,1.00,1.00
Jala_Nayarit,Lowland,2C,2.2,9.00,10.00,2.73,45.99,59.28,5.53,-9.64,17.34,137.50,349.25,22.00,6.00,5.00,11.00,102.00,102.00,NA,NA
Jala_Nayarit,Lowland,2C,2.3,10.00,10.00,2.14,57.62,68.05,6.72,-33.14,-0.37,96.50,245.11,18.00,3.00,2.00,5.00,95.00,102.00,1.00,1.00
Jala_Nayarit,Lowland,2C,2.4,11.00,10.00,5.91,-17.04,11.76,6.77,-34.22,-1.19,115.50,293.37,19.00,3.00,1.00,4.00,102.00,102.00,1.00,1.00
Jala_Nayarit,Lowland,2C,2.5,12.00,10.00,5.52,-9.34,17.57,7.81,-54.72,-16.64,145.50,369.57,22.00,5.00,4.00,9.00,102.00,116.00,2.00,2.00
Jala_Nayarit,Lowland,2C,2.6,13.00,10.00,7.35,-45.65,-9.80,7.28,-44.19,-8.71,131.50,334.01,22.00,3.00,2.00,5.00,95.00,102.00,2.00,2.00
Jala_Nayarit,Lowland,2C,2.7,14.00,10.00,8.04,-59.34,-20.13,6.60,-30.85,1.35,NA,NA,NA,NA,NA,NA,102.00,116.00,3.00,2.00
Jala_Nayarit,Lowland,2C,3.1,8.00,11.00,0.35,93.11,94.80,2.97,41.05,55.56,NA,NA,NA,NA,NA,NA,102.00,116.00,1.00,1.00
Jala_Nayarit,Lowland,2C,3.2,9.00,11.00,0.52,89.61,92.16,3.34,33.76,50.06,115.75,294.01,22.00,4.00,3.00,7.00,102.00,116.00,1.00,1.00
Jala_Nayarit,Lowland,2C,3.3,10.00,11.00,NA,NA,NA,NA,NA,NA,NA,NA,NA,NA,NA,NA,NA,NA,NA,NA
Jala_Nayarit,Lowland,2C,3.4,11.00,11.00,2.44,51.75,63.62,5.17,-2.48,22.74,147.25,374.02,22.00,3.00,2.00,5.00,102.00,102.00,1.00,1.00
Jala_Nayarit,Lowland,2C,3.5,12.00,11.00,5.32,-5.46,20.49,6.75,-33.75,-0.84,116.50,295.91,21.00,4.00,2.00,6.00,102.00,102.00,2.00,2.00
Jala_Nayarit,Lowland,2C,3.6,13.00,11.00,2.41,52.32,64.05,5.33,-5.57,20.41,98.00,248.92,19.00,2.00,1.00,3.00,102.00,116.00,2.00,2.00
Jala_Nayarit,Lowland,2C,3.7,14.00,11.00,4.36,13.52,34.80,4.46,11.60,33.36,123.50,313.69,21.00,4.00,4.00,8.00,116.00,116.00,3.00,3.00
Jala_Nayarit,Lowland,2C,4.1,8.00,12.00,0.38,92.52,94.36,1.56,69.14,76.73,NA,NA,NA,NA,NA,NA,102.00,102.00,2.00,2.00
Jala_Nayarit,Lowland,2C,4.2,9.00,12.00,1.90,62.30,71.58,6.47,-28.18,3.37,127.25,323.22,23.00,4.00,3.00,7.00,116.00,116.00,3.00,2.00
Jala_Nayarit,Lowland,2C,4.3,10.00,12.00,4.44,12.02,33.67,6.52,-29.27,2.54,99.25,252.10,20.00,1.00,0.00,1.00,95.00,102.00,1.00,1.00
Jala_Nayarit,Lowland,2C,4.4,11.00,12.00,0.93,81.50,86.05,4.64,8.03,30.66,NA,NA,NA,NA,NA,NA,95.00,102.00,1.00,1.00
Jala_Nayarit,Lowland,2C,4.5,12.00,12.00,3.11,38.36,53.53,4.37,13.37,34.69,NA,NA,NA,NA,NA,NA,95.00,102.00,1.00,1.00
Jala_Nayarit,Lowland,2C,4.6,13.00,12.00,1.81,64.18,73.00,3.11,38.33,53.51,113.50,288.29,20.00,3.00,2.00,5.00,102.00,116.00,1.00,1.00
Jala_Nayarit,Lowland,2C,4.7,14.00,12.00,0.24,95.26,96.42,2.48,50.78,62.89,NA,NA,NA,NA,NA,NA,95.00,102.00,2.00,2.00
Santa_Maria_Temaxcalapa,Lowland,2D,1.1,8.00,13.00,0.58,88.46,91.30,1.90,62.39,71.65,NA,NA,NA,NA,NA,NA,116.00,116.00,1.00,1.00
Santa_Maria_Temaxcalapa,Lowland,2D,1.2,9.00,13.00,3.76,25.48,43.82,NA,NA,NA,NA,NA,NA,NA,NA,NA,NA,NA,NA,NA
Santa_Maria_Temaxcalapa,Lowland,2D,1.3,10.00,13.00,2.09,58.50,68.72,5.25,-3.98,21.61,NA,NA,NA,NA,NA,NA,102.00,102.00,2.00,2.00
Santa_Maria_Temaxcalapa,Lowland,2D,1.4,11.00,13.00,2.41,52.31,64.04,3.97,21.41,40.75,NA,NA,NA,NA,NA,NA,102.00,102.00,3.00,1.00
Santa_Maria_Temaxcalapa,Lowland,2D,1.5,12.00,13.00,2.98,40.93,55.47,6.46,-28.06,3.45,NA,NA,NA,NA,NA,NA,102.00,102.00,1.00,1.00
Santa_Maria_Temaxcalapa,Lowland,2D,1.6,13.00,13.00,0.32,93.68,95.23,4.22,16.30,36.90,142.75,362.59,23.00,5.00,4.00,9.00,116.00,116.00,2.00,1.00
Santa_Maria_Temaxcalapa,Lowland,2D,1.7,14.00,13.00,1.48,70.76,77.95,2.44,51.69,63.58,NA,NA,NA,NA,NA,NA,116.00,116.00,3.00,2.00
Santa_Maria_Temaxcalapa,Lowland,2D,2.1,8.00,14.00,0.15,97.01,97.74,1.95,61.29,70.81,NA,NA,NA,NA,NA,NA,102.00,116.00,1.00,1.00
Santa_Maria_Temaxcalapa,Lowland,2D,2.2,9.00,14.00,4.29,14.91,35.85,6.10,-20.92,8.84,146.50,372.11,23.00,7.00,5.00,12.00,102.00,116.00,2.00,2.00
Santa_Maria_Temaxcalapa,Lowland,2D,2.3,10.00,14.00,2.09,58.68,68.85,3.91,22.44,41.53,144.50,367.03,21.00,4.00,3.00,7.00,102.00,102.00,2.00,2.00
Santa_Maria_Temaxcalapa,Lowland,2D,2.4,11.00,14.00,2.81,44.34,58.04,4.78,5.31,28.61,135.25,343.54,22.00,6.00,4.00,10.00,102.00,116.00,NA,NA
Santa_Maria_Temaxcalapa,Lowland,2D,2.5,12.00,14.00,2.55,49.45,61.89,4.36,13.59,34.86,131.50,334.01,20.00,3.00,2.00,5.00,95.00,102.00,3.00,2.00
Santa_Maria_Temaxcalapa,Lowland,2D,2.6,13.00,14.00,3.45,31.72,48.53,2.60,48.50,61.17,NA,NA,NA,NA,NA,NA,NA,NA,NA,NA
Santa_Maria_Temaxcalapa,Lowland,2D,2.7,14.00,14.00,1.99,60.55,70.26,1.02,79.88,84.83,NA,NA,NA,NA,NA,NA,102.00,116.00,1.00,1.00
Santa_Maria_Temaxcalapa,Lowland,2D,3.1,8.00,15.00,1.76,65.19,73.76,2.45,51.54,63.46,NA,NA,NA,NA,NA,NA,116.00,116.00,NA,NA
Santa_Maria_Temaxcalapa,Lowland,2D,3.2,9.00,15.00,1.86,63.14,72.21,4.23,16.27,36.88,146.50,372.11,22.00,7.00,6.00,13.00,102.00,102.00,2.00,1.00
Santa_Maria_Temaxcalapa,Lowland,2D,3.3,10.00,15.00,3.48,31.10,48.06,4.28,15.26,36.11,118.00,299.72,23.00,4.00,3.00,7.00,116.00,116.00,1.00,1.00
Santa_Maria_Temaxcalapa,Lowland,2D,3.4,11.00,15.00,1.43,71.70,78.67,4.67,7.46,30.23,129.50,328.93,21.00,5.00,4.00,9.00,102.00,102.00,2.00,2.00
Santa_Maria_Temaxcalapa,Lowland,2D,3.5,12.00,15.00,1.33,73.59,80.09,3.61,28.44,46.05,127.50,323.85,21.00,4.00,3.00,7.00,102.00,116.00,1.00,1.00
Santa_Maria_Temaxcalapa,Lowland,2D,3.6,13.00,15.00,0.82,83.67,87.69,3.05,39.48,54.37,144.50,367.03,23.00,3.00,2.00,5.00,116.00,123.00,1.00,1.00
Santa_Maria_Temaxcalapa,Lowland,2D,3.7,14.00,15.00,0.96,81.00,85.67,1.46,71.07,78.19,102.00,259.08,18.00,4.00,4.00,8.00,102.00,102.00,2.00,1.00
Santa_Maria_Temaxcalapa,Lowland,2D,4.1,8.00,16.00,1.56,68.99,76.63,0.26,94.76,96.05,NA,NA,NA,NA,NA,NA,102.00,116.00,NA,NA
Santa_Maria_Temaxcalapa,Lowland,2D,4.2,9.00,16.00,1.55,69.32,76.87,1.21,76.07,81.96,143.00,363.22,23.00,6.00,5.00,11.00,116.00,123.00,NA,NA
Santa_Maria_Temaxcalapa,Lowland,2D,4.3,10.00,16.00,3.45,31.56,48.41,2.62,48.05,60.84,126.75,321.95,19.00,4.00,3.00,7.00,95.00,102.00,4.00,1.00
Santa_Maria_Temaxcalapa,Lowland,2D,4.4,11.00,16.00,2.23,55.73,66.63,1.78,64.71,73.39,NA,NA,NA,NA,NA,NA,102.00,116.00,2.00,1.00
Santa_Maria_Temaxcalapa,Lowland,2D,4.5,12.00,16.00,3.15,37.67,53.01,1.00,80.26,85.12,NA,NA,NA,NA,NA,NA,102.00,116.00,2.00,2.00
Santa_Maria_Temaxcalapa,Lowland,2D,4.6,13.00,16.00,0.95,81.15,85.79,1.18,76.55,82.32,147.75,375.29,25.00,7.00,6.00,13.00,NA,123.00,2.00,NA
Santa_Maria_Temaxcalapa,Lowland,2D,4.7,14.00,16.00,-0.72,114.19,110.70,0.21,95.87,96.88,NA,NA,NA,NA,NA,NA,95.00,102.00,2.00,1.00
Santiago_Choapam,Lowland,3A,1.1,15.00,1.00,NA,NA,NA,NA,NA,NA,NA,NA,NA,NA,NA,NA,NA,NA,NA,NA
Santiago_Choapam,Lowland,3A,1.2,16.00,1.00,NA,NA,NA,NA,NA,NA,NA,NA,NA,NA,NA,NA,NA,NA,NA,NA
Santiago_Choapam,Lowland,3A,1.3,17.00,1.00,NA,NA,NA,NA,NA,NA,NA,NA,NA,NA,NA,NA,NA,NA,NA,NA
Santiago_Choapam,Lowland,3A,1.4,18.00,1.00,NA,NA,NA,NA,NA,NA,NA,NA,NA,NA,NA,NA,NA,NA,NA,NA
Santiago_Choapam,Lowland,3A,1.5,19.00,1.00,NA,NA,NA,NA,NA,NA,NA,NA,NA,NA,NA,NA,NA,NA,NA,NA
Santiago_Choapam,Lowland,3A,1.6,20.00,1.00,NA,NA,NA,NA,NA,NA,NA,NA,NA,NA,NA,NA,NA,NA,NA,NA
Santiago_Choapam,Lowland,3A,1.7,21.00,1.00,NA,NA,NA,NA,NA,NA,NA,NA,NA,NA,NA,NA,NA,NA,NA,NA
Santiago_Choapam,Lowland,3A,2.1,15.00,2.00,NA,NA,NA,NA,NA,NA,NA,NA,NA,NA,NA,NA,NA,NA,NA,NA
Santiago_Choapam,Lowland,3A,2.2,16.00,2.00,6.56,-30.04,1.96,6.04,-19.78,9.70,NA,NA,NA,NA,NA,NA,NA,NA,NA,NA
Santiago_Choapam,Lowland,3A,2.3,17.00,2.00,NA,NA,NA,NA,NA,NA,NA,NA,NA,NA,NA,NA,NA,NA,NA,NA
Santiago_Choapam,Lowland,3A,2.4,18.00,2.00,6.13,-21.52,8.39,4.90,2.98,26.85,133.00,337.82,21.00,4.00,4.00,8.00,NA,NA,NA,NA
Santiago_Choapam,Lowland,3A,2.5,19.00,2.00,NA,NA,NA,NA,NA,NA,NA,NA,NA,NA,NA,NA,NA,NA,NA,NA
Santiago_Choapam,Lowland,3A,2.6,20.00,2.00,-0.76,115.13,111.41,1.53,69.70,77.16,143.25,363.86,23.00,7.00,6.00,13.00,102.00,116.00,1.00,NA
Santiago_Choapam,Lowland,3A,2.7,21.00,2.00,NA,NA,NA,NA,NA,NA,NA,NA,NA,NA,NA,NA,NA,NA,NA,NA
Santiago_Choapam,Lowland,3A,3.1,15.00,3.00,NA,NA,NA,NA,NA,NA,NA,NA,NA,NA,NA,NA,NA,NA,NA,NA
Santiago_Choapam,Lowland,3A,3.2,16.00,3.00,NA,NA,NA,NA,NA,NA,NA,NA,NA,NA,NA,NA,NA,NA,NA,NA
Santiago_Choapam,Lowland,3A,3.3,17.00,3.00,NA,NA,NA,NA,NA,NA,NA,NA,NA,NA,NA,NA,NA,NA,NA,NA
Santiago_Choapam,Lowland,3A,3.4,18.00,3.00,NA,NA,NA,NA,NA,NA,NA,NA,NA,NA,NA,NA,NA,NA,NA,NA
Santiago_Choapam,Lowland,3A,3.5,19.00,3.00,NA,NA,NA,NA,NA,NA,NA,NA,NA,NA,NA,NA,NA,NA,NA,NA
Santiago_Choapam,Lowland,3A,3.6,20.00,3.00,NA,NA,NA,NA,NA,NA,NA,NA,NA,NA,NA,NA,NA,NA,NA,NA
Santiago_Choapam,Lowland,3A,3.7,21.00,3.00,NA,NA,NA,NA,NA,NA,NA,NA,NA,NA,NA,NA,NA,NA,NA,NA
Santiago_Choapam,Lowland,3A,4.1,15.00,4.00,NA,NA,NA,NA,NA,NA,NA,NA,NA,NA,NA,NA,NA,NA,NA,NA
Santiago_Choapam,Lowland,3A,4.2,16.00,4.00,NA,NA,NA,NA,NA,NA,NA,NA,NA,NA,NA,NA,NA,NA,NA,NA
Santiago_Choapam,Lowland,3A,4.3,17.00,4.00,NA,NA,NA,NA,NA,NA,NA,NA,NA,NA,NA,NA,NA,NA,NA,NA
Santiago_Choapam,Lowland,3A,4.4,18.00,4.00,NA,NA,NA,NA,NA,NA,NA,NA,NA,NA,NA,NA,NA,NA,NA,NA
Santiago_Choapam,Lowland,3A,4.5,19.00,4.00,NA,NA,NA,NA,NA,NA,NA,NA,NA,NA,NA,NA,NA,NA,NA,NA
Santiago_Choapam,Lowland,3A,4.6,20.00,4.00,NA,NA,NA,NA,NA,NA,NA,NA,NA,NA,NA,NA,NA,NA,NA,NA
Santiago_Choapam,Lowland,3A,4.7,21.00,4.00,NA,NA,NA,NA,NA,NA,NA,NA,NA,NA,NA,NA,NA,NA,NA,NA
Totontepec_Carmita,Highland,3B,1.1,15.00,5.00,6.85,-35.74,-2.34,6.80,-34.85,-1.66,124.50,316.23,19.00,6.00,5.00,11.00,109.00,116.00,1.00,NA
Totontepec_Carmita,Highland,3B,1.2,16.00,5.00,8.30,-64.53,-24.04,5.47,-8.38,18.29,105.50,267.97,19.00,5.00,4.00,9.00,130.00,130.00,2.00,NA
Totontepec_Carmita,Highland,3B,1.3,17.00,5.00,NA,NA,NA,NA,NA,NA,NA,NA,NA,NA,NA,NA,NA,NA,NA,NA
Totontepec_Carmita,Highland,3B,1.4,18.00,5.00,9.95,-97.25,-48.70,9.74,-92.99,-45.50,NA,NA,NA,NA,NA,NA,NA,NA,NA,NA
Totontepec_Carmita,Highland,3B,1.5,19.00,5.00,5.91,-17.06,11.75,7.05,-39.68,-5.31,161.50,410.21,22.00,8.00,6.00,14.00,109.00,116.00,1.00,1.00
Totontepec_Carmita,Highland,3B,1.6,20.00,5.00,5.16,-2.20,22.95,5.30,-5.11,20.76,129.00,327.66,22.00,6.00,5.00,11.00,123.00,130.00,1.00,NA
Totontepec_Carmita,Highland,3B,1.7,21.00,5.00,NA,NA,NA,NA,NA,NA,NA,NA,NA,NA,NA,NA,NA,NA,NA,NA
Totontepec_Carmita,Highland,3B,2.1,15.00,6.00,NA,NA,NA,NA,NA,NA,NA,NA,NA,NA,NA,NA,NA,NA,NA,NA
Totontepec_Carmita,Highland,3B,2.2,16.00,6.00,NA,NA,NA,NA,NA,NA,NA,NA,NA,NA,NA,NA,NA,NA,NA,NA
Totontepec_Carmita,Highland,3B,2.3,17.00,6.00,7.78,-54.17,-16.23,10.58,-109.66,-58.06,125.00,317.50,23.00,6.00,5.00,11.00,123.00,130.00,NA,NA
Totontepec_Carmita,Highland,3B,2.4,18.00,6.00,NA,NA,NA,NA,NA,NA,NA,NA,NA,NA,NA,NA,NA,NA,NA,NA
Totontepec_Carmita,Highland,3B,2.5,19.00,6.00,NA,NA,NA,NA,NA,NA,NA,NA,NA,NA,NA,NA,NA,NA,NA,NA
Totontepec_Carmita,Highland,3B,2.6,20.00,6.00,NA,NA,NA,NA,NA,NA,NA,NA,NA,NA,NA,NA,NA,NA,NA,NA
Totontepec_Carmita,Highland,3B,2.7,21.00,6.00,NA,NA,NA,NA,NA,NA,NA,NA,NA,NA,NA,NA,NA,NA,NA,NA
Totontepec_Carmita,Highland,3B,3.1,15.00,7.00,9.41,-86.45,-40.56,9.55,-89.21,-42.64,NA,NA,NA,NA,NA,NA,NA,NA,NA,NA
Totontepec_Carmita,Highland,3B,3.2,16.00,7.00,7.48,-48.23,-11.75,10.08,-99.72,-50.57,132.00,335.28,22.00,7.00,6.00,13.00,116.00,116.00,1.00,1.00
Totontepec_Carmita,Highland,3B,3.3,17.00,7.00,NA,NA,NA,NA,NA,NA,NA,NA,NA,NA,NA,NA,NA,NA,NA,NA
Totontepec_Carmita,Highland,3B,3.4,18.00,7.00,NA,NA,NA,NA,NA,NA,NA,NA,NA,NA,NA,NA,NA,NA,NA,NA
Totontepec_Carmita,Highland,3B,3.5,19.00,7.00,NA,NA,NA,NA,NA,NA,NA,NA,NA,NA,NA,NA,NA,NA,NA,NA
Totontepec_Carmita,Highland,3B,3.6,20.00,7.00,NA,NA,NA,NA,NA,NA,NA,NA,NA,NA,NA,NA,NA,NA,NA,NA
Totontepec_Carmita,Highland,3B,3.7,21.00,7.00,NA,NA,NA,NA,NA,NA,NA,NA,NA,NA,NA,NA,NA,NA,NA,NA
Totontepec_Carmita,Highland,3B,4.1,15.00,8.00,7.82,-54.87,-16.75,8.58,-70.12,-28.25,152.25,386.72,23.00,6.00,5.00,11.00,116.00,123.00,NA,NA
Totontepec_Carmita,Highland,3B,4.2,16.00,8.00,9.03,-79.00,-34.95,7.90,-56.47,-17.96,134.25,341.00,22.00,5.00,4.00,9.00,116.00,123.00,1.00,1.00
Totontepec_Carmita,Highland,3B,4.3,17.00,8.00,8.15,-61.43,-21.70,NA,NA,NA,NA,NA,NA,NA,NA,NA,NA,NA,NA,NA
Totontepec_Carmita,Highland,3B,4.4,18.00,8.00,5.74,-13.81,14.20,9.78,-93.74,-46.06,164.75,418.47,24.00,7.00,6.00,13.00,116.00,123.00,1.00,1.00
Totontepec_Carmita,Highland,3B,4.5,19.00,8.00,7.40,-46.68,-10.59,7.74,-53.46,-15.69,145.25,368.94,21.00,7.00,6.00,13.00,116.00,116.00,3.00,1.00
Totontepec_Carmita,Highland,3B,4.6,20.00,8.00,7.17,-42.13,-7.15,9.28,-83.87,-38.62,NA,NA,NA,NA,NA,NA,NA,NA,NA,NA
Totontepec_Carmita,Highland,3B,4.7,21.00,8.00,NA,NA,NA,9.94,-96.89,-48.44,NA,NA,NA,NA,NA,NA,NA,NA,NA,NA
B73xMo17,Modern,3C,1.1,15.00,9.00,9.89,NA,-47.70,NA,NA,NA,NA,NA,NA,NA,NA,NA,74.00,81.00,1.00,1.00
B73xMo17,Modern,3C,1.2,16.00,9.00,13.34,NA,-99.28,NA,NA,NA,64.50,163.83,10.00,2.00,1.00,3.00,74.00,81.00,2.00,2.00
B73xMo17,Modern,3C,1.3,17.00,9.00,10.92,NA,-63.16,NA,NA,NA,NA,NA,NA,NA,NA,NA,74.00,74.00,1.00,1.00
B73xMo17,Modern,3C,1.4,18.00,9.00,10.19,NA,-52.23,NA,NA,NA,NA,NA,NA,NA,NA,NA,74.00,81.00,1.00,1.00
B73xMo17,Modern,3C,1.5,19.00,9.00,10.31,NA,-53.98,NA,NA,NA,NA,NA,NA,NA,NA,NA,74.00,81.00,1.00,1.00
B73xMo17,Modern,3C,1.6,20.00,9.00,8.31,NA,-24.10,NA,NA,NA,54.75,139.07,11.00,2.00,1.00,3.00,74.00,81.00,1.00,1.00
B73xMo17,Modern,3C,1.7,21.00,9.00,7.12,NA,-6.34,NA,NA,NA,NA,NA,NA,NA,NA,NA,67.00,74.00,2.00,2.00
B73xMo17,Modern,3C,2.1,15.00,10.00,NA,NA,100.00,NA,NA,NA,NA,NA,NA,NA,NA,NA,NA,NA,NA,NA
B73xMo17,Modern,3C,2.2,16.00,10.00,10.20,NA,-52.32,NA,NA,NA,68.25,173.36,12.00,1.00,1.00,2.00,81.00,81.00,1.00,1.00
B73xMo17,Modern,3C,2.3,17.00,10.00,8.71,NA,-30.19,NA,NA,NA,56.75,144.15,11.00,2.00,1.00,3.00,67.00,74.00,1.00,1.00
B73xMo17,Modern,3C,2.4,18.00,10.00,9.06,NA,-35.29,NA,NA,NA,69.50,176.53,12.00,2.00,1.00,3.00,74.00,74.00,1.00,1.00
B73xMo17,Modern,3C,2.5,19.00,10.00,NA,NA,100.00,NA,NA,NA,NA,NA,NA,NA,NA,NA,NA,NA,NA,NA
B73xMo17,Modern,3C,2.6,20.00,10.00,9.42,NA,-40.75,NA,NA,NA,66.75,169.55,12.00,2.00,0.00,2.00,74.00,81.00,2.00,2.00
B73xMo17,Modern,3C,2.7,21.00,10.00,7.70,NA,-15.08,NA,NA,NA,64.00,162.56,12.00,3.00,1.00,4.00,74.00,74.00,1.00,1.00
B73xMo17,Modern,3C,3.1,15.00,11.00,5.14,NA,23.17,NA,NA,NA,NA,NA,NA,NA,NA,NA,67.00,74.00,2.00,2.00
B73xMo17,Modern,3C,3.2,16.00,11.00,7.43,NA,-11.00,NA,NA,NA,66.75,169.55,12.00,2.00,1.00,3.00,67.00,74.00,1.00,1.00
B73xMo17,Modern,3C,3.3,17.00,11.00,7.28,NA,-8.74,NA,NA,NA,66.25,168.28,12.00,2.00,1.00,3.00,74.00,81.00,1.00,1.00
B73xMo17,Modern,3C,3.4,18.00,11.00,7.70,NA,-14.96,NA,NA,NA,67.25,170.82,11.00,2.00,1.00,3.00,74.00,81.00,1.00,1.00
B73xMo17,Modern,3C,3.5,19.00,11.00,6.66,NA,0.56,NA,NA,NA,64.75,164.47,11.00,2.00,1.00,3.00,67.00,74.00,1.00,1.00
B73xMo17,Modern,3C,3.6,20.00,11.00,NA,NA,100.00,NA,NA,NA,NA,NA,NA,NA,NA,NA,NA,NA,NA,NA
B73xMo17,Modern,3C,3.7,21.00,11.00,5.68,NA,15.18,NA,NA,NA,60.75,154.31,11.00,3.00,1.00,4.00,67.00,74.00,1.00,1.00
B73xMo17,Modern,3C,4.1,15.00,12.00,3.39,NA,49.42,NA,NA,NA,NA,NA,NA,NA,NA,NA,67.00,74.00,1.00,1.00
B73xMo17,Modern,3C,4.2,16.00,12.00,4.44,NA,33.73,NA,NA,NA,59.50,151.13,10.00,1.00,0.00,1.00,67.00,74.00,1.00,1.00
B73xMo17,Modern,3C,4.3,17.00,12.00,3.93,NA,41.25,NA,NA,NA,58.75,149.23,10.00,1.00,0.00,1.00,67.00,74.00,1.00,1.00
B73xMo17,Modern,3C,4.4,18.00,12.00,NA,NA,100.00,NA,NA,NA,NA,NA,NA,NA,NA,NA,NA,NA,NA,NA
B73xMo17,Modern,3C,4.5,19.00,12.00,NA,NA,100.00,NA,NA,NA,NA,NA,NA,NA,NA,NA,NA,NA,NA,NA
B73xMo17,Modern,3C,4.6,20.00,12.00,3.10,NA,53.73,NA,NA,NA,61.50,156.21,12.00,2.00,0.00,2.00,67.00,74.00,2.00,1.00
B73xMo17,Modern,3C,4.7,21.00,12.00,NA,NA,NA,NA,NA,NA,NA,NA,NA,NA,NA,NA,NA,NA,NA,NA
Parviglumis,Teosinte,3D,1.1,15.00,13.00,1.96,61.17,70.73,1.56,69.01,76.63,NA,NA,NA,NA,NA,NA,NA,NA,NA,NA
Parviglumis,Teosinte,3D,1.2,16.00,13.00,2.21,56.29,67.05,4.00,20.67,40.19,68.25,173.36,21.00,3.00,2.00,5.00,NA,NA,NA,NA
Parviglumis,Teosinte,3D,1.3,17.00,13.00,2.96,41.27,55.72,4.68,7.24,30.07,NA,NA,NA,NA,NA,NA,NA,NA,NA,NA
Parviglumis,Teosinte,3D,1.4,18.00,13.00,3.26,35.50,51.37,4.63,8.34,30.90,NA,NA,NA,NA,NA,NA,NA,NA,NA,NA
Parviglumis,Teosinte,3D,1.5,19.00,13.00,2.78,44.89,58.46,5.01,0.73,25.16,NA,NA,NA,NA,NA,NA,NA,NA,NA,NA
Parviglumis,Teosinte,3D,1.6,20.00,13.00,3.70,26.62,44.68,8.09,-60.31,-20.86,85.50,217.17,22.00,3.00,2.00,5.00,NA,NA,NA,NA
Parviglumis,Teosinte,3D,1.7,21.00,13.00,1.93,61.68,71.11,4.19,16.89,37.34,NA,NA,NA,NA,NA,NA,NA,NA,NA,NA
Parviglumis,Teosinte,3D,2.1,15.00,14.00,3.87,23.32,42.19,2.41,52.31,64.04,68.00,172.72,14.00,3.00,2.00,5.00,NA,NA,NA,NA
Parviglumis,Teosinte,3D,2.2,16.00,14.00,3.08,38.93,53.96,4.23,16.25,36.86,94.25,239.40,23.00,3.00,2.00,5.00,NA,NA,NA,NA
Parviglumis,Teosinte,3D,2.3,17.00,14.00,2.95,41.45,55.86,4.51,10.68,32.66,80.00,203.20,19.00,3.00,2.00,5.00,NA,NA,NA,NA
Parviglumis,Teosinte,3D,2.4,18.00,14.00,NA,NA,NA,NA,NA,NA,NA,NA,NA,NA,NA,NA,NA,NA,NA,NA
Parviglumis,Teosinte,3D,2.5,19.00,14.00,2.45,51.48,63.42,3.26,35.42,51.32,89.50,227.33,21.00,3.00,2.00,5.00,NA,NA,NA,NA
Parviglumis,Teosinte,3D,2.6,20.00,14.00,NA,NA,NA,NA,NA,NA,NA,NA,NA,NA,NA,NA,NA,NA,NA,NA
Parviglumis,Teosinte,3D,2.7,21.00,14.00,NA,NA,NA,NA,NA,NA,NA,NA,NA,NA,NA,NA,NA,NA,NA,NA
Parviglumis,Teosinte,3D,3.1,15.00,15.00,2.58,48.78,61.39,4.35,13.81,35.02,68.00,172.72,15.00,5.00,4.00,9.00,NA,NA,NA,NA
Parviglumis,Teosinte,3D,3.2,16.00,15.00,4.39,13.02,34.43,5.17,-2.52,22.71,72.25,183.52,18.00,6.00,5.00,11.00,NA,NA,NA,NA
Parviglumis,Teosinte,3D,3.3,17.00,15.00,NA,NA,NA,NA,NA,NA,NA,NA,NA,NA,NA,NA,NA,NA,NA,NA
Parviglumis,Teosinte,3D,3.4,18.00,15.00,3.73,26.04,44.24,7.65,-51.64,-14.32,76.50,194.31,24.00,2.00,1.00,3.00,NA,NA,NA,NA
Parviglumis,Teosinte,3D,3.5,19.00,15.00,5.48,-8.54,18.17,7.82,-54.92,-16.79,87.50,222.25,23.00,3.00,2.00,5.00,NA,NA,NA,NA
Parviglumis,Teosinte,3D,3.6,20.00,15.00,5.69,-12.73,15.01,7.95,-57.48,-18.73,81.00,205.74,21.00,3.00,2.00,5.00,NA,NA,NA,NA
Parviglumis,Teosinte,3D,3.7,21.00,15.00,4.20,16.84,37.30,7.86,-55.81,-17.46,88.25,224.16,25.00,4.00,3.00,7.00,NA,NA,NA,NA
Parviglumis,Teosinte,3D,4.1,15.00,16.00,2.56,49.29,61.77,0.76,84.85,88.58,NA,NA,NA,NA,NA,NA,NA,NA,NA,NA
Parviglumis,Teosinte,3D,4.2,16.00,16.00,2.68,46.79,59.89,4.35,13.72,34.96,53.25,135.26,16.00,2.00,1.00,3.00,NA,NA,NA,NA
Parviglumis,Teosinte,3D,4.3,17.00,16.00,2.42,52.12,63.91,2.15,57.33,67.83,51.25,130.18,16.00,2.00,1.00,3.00,NA,NA,NA,NA
Parviglumis,Teosinte,3D,4.4,18.00,16.00,4.28,15.22,36.09,1.88,62.81,71.96,NA,NA,NA,NA,NA,NA,NA,NA,NA,NA
Parviglumis,Teosinte,3D,4.5,19.00,16.00,4.54,9.96,32.12,1.91,62.15,71.46,NA,NA,NA,NA,NA,NA,NA,NA,NA,NA
Parviglumis,Teosinte,3D,4.6,20.00,16.00,3.59,28.82,46.34,2.48,50.94,63.01,67.00,170.18,18.00,2.00,1.00,3.00,NA,NA,NA,NA
Parviglumis,Teosinte,3D,4.7,21.00,16.00,1.93,61.80,71.20,1.11,77.91,83.35,NA,NA,NA,NA,NA,NA,NA,NA,NA,NA
Mexicana,Teosinte,4A,1.1,22.00,1.00,1.26,74.94,81.10,1.65,67.35,75.39,NA,NA,NA,NA,NA,NA,116.00,116.00,1.00,1.00
Mexicana,Teosinte,4A,1.2,23.00,1.00,2.89,42.63,56.75,3.56,29.43,46.80,122.25,310.52,24.00,8.00,7.00,15.00,102.00,116.00,1.00,1.00
Mexicana,Teosinte,4A,1.3,24.00,1.00,1.79,64.46,73.21,1.11,78.08,83.47,100.25,254.64,20.00,2.00,1.00,3.00,116.00,116.00,1.00,1.00
Mexicana,Teosinte,4A,1.4,25.00,1.00,1.87,62.94,72.06,3.49,30.85,47.87,NA,NA,NA,NA,NA,NA,123.00,130.00,1.00,1.00
Mexicana,Teosinte,4A,1.5,26.00,1.00,-0.09,101.77,101.34,0.30,94.14,95.58,NA,NA,NA,NA,NA,NA,123.00,130.00,1.00,1.00
Mexicana,Teosinte,4A,1.6,27.00,1.00,1.39,72.40,79.19,1.80,64.27,73.06,107.25,272.42,24.00,4.00,3.00,7.00,116.00,116.00,1.00,1.00
Mexicana,Teosinte,4A,1.7,28.00,1.00,-1.60,131.79,123.96,-1.35,126.74,120.16,NA,NA,NA,NA,NA,NA,123.00,130.00,1.00,1.00
Mexicana,Teosinte,4A,2.1,22.00,2.00,4.73,6.31,29.37,2.49,50.63,62.78,NA,NA,NA,NA,NA,NA,116.00,130.00,1.00,1.00
Mexicana,Teosinte,4A,2.2,23.00,2.00,2.36,53.30,64.79,3.50,30.69,47.75,128.50,326.39,26.00,2.00,1.00,3.00,123.00,130.00,1.00,1.00
Mexicana,Teosinte,4A,2.3,24.00,2.00,4.63,8.28,30.85,4.80,4.87,28.28,100.25,254.64,20.00,3.00,2.00,5.00,116.00,130.00,1.00,1.00
Mexicana,Teosinte,4A,2.4,25.00,2.00,-0.38,107.44,105.61,1.47,70.91,78.07,124.00,314.96,24.00,5.00,4.00,9.00,109.00,116.00,1.00,1.00
Mexicana,Teosinte,4A,2.5,26.00,2.00,4.14,17.96,38.15,5.28,-4.67,21.09,144.00,365.76,25.00,3.00,3.00,6.00,116.00,116.00,1.00,1.00
Mexicana,Teosinte,4A,2.6,27.00,2.00,1.94,61.63,71.07,3.57,29.17,46.60,107.25,272.42,25.00,3.00,2.00,5.00,116.00,123.00,1.00,1.00
Mexicana,Teosinte,4A,2.7,28.00,2.00,-1.25,124.68,118.61,1.07,78.83,84.04,NA,NA,NA,NA,NA,NA,109.00,123.00,1.00,1.00
Mexicana,Teosinte,4A,3.1,22.00,3.00,NA,NA,NA,NA,NA,NA,NA,NA,NA,NA,NA,NA,NA,NA,NA,NA
Mexicana,Teosinte,4A,3.2,23.00,3.00,2.36,53.26,64.77,3.92,22.39,41.49,128.50,326.39,27.00,7.00,6.00,13.00,116.00,130.00,1.00,1.00
Mexicana,Teosinte,4A,3.3,24.00,3.00,NA,NA,NA,5.09,-0.89,23.94,NA,NA,NA,NA,NA,NA,NA,NA,NA,NA
Mexicana,Teosinte,4A,3.4,25.00,3.00,NA,NA,NA,NA,NA,NA,NA,NA,NA,NA,NA,NA,NA,NA,NA,NA
Mexicana,Teosinte,4A,3.5,26.00,3.00,1.78,64.68,73.37,NA,NA,NA,122.00,309.88,24.00,5.00,4.00,9.00,116.00,123.00,1.00,1.00
Mexicana,Teosinte,4A,3.6,27.00,3.00,1.10,78.19,83.56,4.05,19.67,39.44,111.50,283.21,22.00,5.00,4.00,9.00,116.00,130.00,1.00,1.00
Mexicana,Teosinte,4A,3.7,28.00,3.00,-0.46,109.04,106.81,2.62,48.10,60.87,107.75,273.69,23.00,3.00,2.00,5.00,109.00,116.00,1.00,1.00
Mexicana,Teosinte,4A,4.1,22.00,4.00,1.85,63.35,72.37,3.43,31.96,48.71,NA,NA,NA,NA,NA,NA,116.00,130.00,1.00,1.00
Mexicana,Teosinte,4A,4.2,23.00,4.00,1.43,71.67,78.64,5.02,0.54,25.02,128.75,327.03,25.00,6.00,5.00,11.00,116.00,130.00,1.00,1.00
Mexicana,Teosinte,4A,4.3,24.00,4.00,2.45,51.53,63.45,4.38,13.21,34.57,109.00,276.86,21.00,3.00,2.00,5.00,116.00,130.00,1.00,1.00
Mexicana,Teosinte,4A,4.4,25.00,4.00,1.10,78.10,83.49,5.80,-14.95,13.34,NA,NA,NA,NA,NA,NA,116.00,130.00,1.00,1.00
Mexicana,Teosinte,4A,4.5,26.00,4.00,0.36,92.87,94.62,3.45,31.68,48.50,NA,NA,NA,NA,NA,NA,102.00,116.00,1.00,1.00
Mexicana,Teosinte,4A,4.6,27.00,4.00,0.42,91.67,93.72,3.07,39.13,54.11,142.25,361.32,29.00,2.00,2.00,4.00,116.00,130.00,1.00,1.00
Mexicana,Teosinte,4A,4.7,28.00,4.00,-0.92,118.30,113.80,3.38,32.95,49.45,NA,NA,NA,NA,NA,NA,123.00,130.00,1.00,1.00
San_Jose_Chinantequilla,Lowland,4B,1.1,22.00,5.00,3.09,38.69,53.78,5.24,-3.83,21.73,NA,NA,NA,NA,NA,NA,102.00,102.00,2.00,2.00
San_Jose_Chinantequilla,Lowland,4B,1.2,23.00,5.00,NA,NA,NA,NA,NA,NA,NA,NA,NA,NA,NA,NA,NA,NA,NA,NA
San_Jose_Chinantequilla,Lowland,4B,1.3,24.00,5.00,3.26,35.46,51.34,7.65,-51.54,-14.24,119.00,302.26,20.00,4.00,3.00,7.00,95.00,109.00,1.00,1.00
San_Jose_Chinantequilla,Lowland,4B,1.4,25.00,5.00,2.16,57.25,67.77,6.37,-26.15,4.90,NA,NA,NA,NA,NA,NA,95.00,102.00,2.00,1.00
San_Jose_Chinantequilla,Lowland,4B,1.5,26.00,5.00,1.33,73.56,80.07,5.01,0.72,25.15,NA,NA,NA,NA,NA,NA,102.00,109.00,1.00,1.00
San_Jose_Chinantequilla,Lowland,4B,1.6,27.00,5.00,2.82,44.05,57.82,5.20,-3.05,22.31,117.75,299.09,21.00,4.00,3.00,7.00,102.00,102.00,2.00,2.00
San_Jose_Chinantequilla,Lowland,4B,1.7,28.00,5.00,2.25,55.48,66.44,3.38,33.04,49.52,NA,NA,NA,NA,NA,NA,102.00,102.00,3.00,1.00
San_Jose_Chinantequilla,Lowland,4B,2.1,22.00,6.00,3.38,32.96,49.45,6.61,-31.00,1.24,NA,NA,NA,NA,NA,NA,102.00,109.00,3.00,2.00
San_Jose_Chinantequilla,Lowland,4B,2.2,23.00,6.00,5.88,-16.47,12.19,6.24,-23.59,6.82,115.50,293.37,22.00,4.00,2.00,6.00,116.00,116.00,2.00,1.00
San_Jose_Chinantequilla,Lowland,4B,2.3,24.00,6.00,7.37,-45.99,-10.07,6.94,-37.54,-3.69,105.75,268.61,19.00,3.00,2.00,5.00,116.00,116.00,2.00,1.00
San_Jose_Chinantequilla,Lowland,4B,2.4,25.00,6.00,4.68,7.18,30.02,7.07,-40.09,-5.61,121.75,309.25,21.00,7.00,6.00,13.00,102.00,116.00,1.00,1.00
San_Jose_Chinantequilla,Lowland,4B,2.5,26.00,6.00,NA,NA,NA,NA,NA,NA,NA,NA,NA,NA,NA,NA,NA,NA,NA,NA
San_Jose_Chinantequilla,Lowland,4B,2.6,27.00,6.00,5.26,-4.16,21.47,5.82,-15.36,13.03,122.25,310.52,21.00,5.00,3.00,8.00,102.00,109.00,2.00,2.00
San_Jose_Chinantequilla,Lowland,4B,2.7,28.00,6.00,3.17,37.27,52.71,4.65,7.86,30.53,122.00,309.88,23.00,10.00,9.00,19.00,102.00,109.00,3.00,2.00
San_Jose_Chinantequilla,Lowland,4B,3.1,22.00,7.00,8.52,-68.75,-27.22,6.83,-35.30,-2.00,NA,NA,NA,NA,NA,NA,102.00,102.00,2.00,1.00
San_Jose_Chinantequilla,Lowland,4B,3.2,23.00,7.00,8.00,-58.54,-19.53,9.47,-87.73,-41.53,99.00,251.46,21.00,5.00,4.00,9.00,116.00,116.00,NA,NA
San_Jose_Chinantequilla,Lowland,4B,3.3,24.00,7.00,9.48,-87.84,-41.61,10.55,-109.12,-57.66,65.00,165.10,17.00,1.00,1.00,2.00,123.00,123.00,1.00,NA
San_Jose_Chinantequilla,Lowland,4B,3.4,25.00,7.00,7.37,-46.08,-10.13,9.82,-94.53,-46.65,NA,NA,NA,NA,NA,NA,NA,NA,NA,NA
San_Jose_Chinantequilla,Lowland,4B,3.5,26.00,7.00,11.35,-124.85,-69.51,13.22,-161.95,-97.49,124.50,316.23,23.00,4.00,3.00,7.00,102.00,116.00,1.00,NA
San_Jose_Chinantequilla,Lowland,4B,3.6,27.00,7.00,10.29,-103.86,-53.69,NA,NA,NA,NA,NA,NA,NA,NA,NA,NA,NA,NA,NA
San_Jose_Chinantequilla,Lowland,4B,3.7,28.00,7.00,8.98,-77.88,-34.10,6.87,-36.13,-2.63,NA,NA,NA,NA,NA,NA,116.00,116.00,1.00,1.00
San_Jose_Chinantequilla,Lowland,4B,4.1,22.00,8.00,13.67,-170.97,-104.28,10.55,-108.97,-57.54,NA,NA,NA,NA,NA,NA,NA,NA,NA,NA
San_Jose_Chinantequilla,Lowland,4B,4.2,23.00,8.00,NA,NA,NA,NA,NA,NA,NA,NA,NA,NA,NA,NA,NA,NA,NA,NA
San_Jose_Chinantequilla,Lowland,4B,4.3,24.00,8.00,11.10,-119.98,-65.84,10.03,-98.80,-49.88,108.25,274.96,21.00,6.00,4.00,10.00,102.00,116.00,1.00,NA
San_Jose_Chinantequilla,Lowland,4B,4.4,25.00,8.00,11.80,-133.79,-76.26,10.66,-111.26,-59.27,88.00,223.52,23.00,6.00,5.00,11.00,130.00,130.00,NA,NA
San_Jose_Chinantequilla,Lowland,4B,4.5,26.00,8.00,11.97,-137.26,-78.87,11.42,-126.36,-70.65,NA,NA,NA,NA,NA,NA,116.00,116.00,NA,NA
San_Jose_Chinantequilla,Lowland,4B,4.6,27.00,8.00,12.29,-143.53,-83.59,9.14,-81.12,-36.54,118.00,299.72,18.00,4.00,3.00,7.00,109.00,116.00,2.00,2.00
San_Jose_Chinantequilla,Lowland,4B,4.7,28.00,8.00,8.41,-66.72,-25.69,7.56,-49.81,-12.94,NA,NA,NA,NA,NA,NA,102.00,109.00,4.00,2.00
Santiago_Tepitongo,Lowland,4C,1.1,22.00,9.00,8.32,-64.79,-24.23,8.30,-64.55,-24.06,NA,NA,NA,NA,NA,NA,95.00,102.00,2.00,1.00
Santiago_Tepitongo,Lowland,4C,1.2,23.00,9.00,12.61,-149.82,-88.34,9.66,-91.42,-44.31,109.75,278.77,20.00,4.00,3.00,7.00,102.00,102.00,2.00,2.00
Santiago_Tepitongo,Lowland,4C,1.3,24.00,9.00,11.59,-129.68,-73.16,10.77,-113.50,-60.96,NA,NA,NA,NA,NA,NA,102.00,102.00,3.00,2.00
Santiago_Tepitongo,Lowland,4C,1.4,25.00,9.00,10.63,-110.73,-58.87,10.41,-106.25,-55.49,NA,NA,NA,NA,NA,NA,102.00,102.00,2.00,2.00
Santiago_Tepitongo,Lowland,4C,1.5,26.00,9.00,12.60,-149.60,-88.17,11.79,-133.56,-76.08,NA,NA,NA,NA,NA,NA,102.00,102.00,3.00,2.00
Santiago_Tepitongo,Lowland,4C,1.6,27.00,9.00,9.99,-98.03,-49.30,11.58,-129.41,-72.95,112.25,285.12,19.00,5.00,4.00,9.00,102.00,102.00,2.00,2.00
Santiago_Tepitongo,Lowland,4C,1.7,28.00,9.00,9.17,-81.75,-37.02,8.47,-67.81,-26.51,NA,NA,NA,NA,NA,NA,109.00,116.00,2.00,2.00
Santiago_Tepitongo,Lowland,4C,2.1,22.00,10.00,9.86,-95.36,-47.28,9.71,-92.40,-45.05,125.50,318.77,20.00,3.00,2.00,5.00,102.00,109.00,2.00,2.00
Santiago_Tepitongo,Lowland,4C,2.2,23.00,10.00,11.43,-126.40,-70.68,10.98,-117.66,-64.10,116.50,295.91,20.00,4.00,3.00,7.00,102.00,102.00,2.00,2.00
Santiago_Tepitongo,Lowland,4C,2.3,24.00,10.00,12.46,-146.90,-86.14,10.36,-105.38,-54.83,138.50,351.79,22.00,3.00,3.00,6.00,102.00,109.00,1.00,1.00
Santiago_Tepitongo,Lowland,4C,2.4,25.00,10.00,9.03,-79.03,-34.97,9.14,-81.04,-36.49,117.50,298.45,20.00,3.00,2.00,5.00,102.00,102.00,2.00,2.00
Santiago_Tepitongo,Lowland,4C,2.5,26.00,10.00,NA,NA,NA,NA,NA,NA,NA,NA,NA,NA,NA,NA,NA,NA,NA,NA
Santiago_Tepitongo,Lowland,4C,2.6,27.00,10.00,9.31,-84.47,-39.07,9.40,-86.25,-40.41,117.00,297.18,21.00,6.00,4.00,10.00,102.00,109.00,2.00,2.00
Santiago_Tepitongo,Lowland,4C,2.7,28.00,10.00,8.01,-58.80,-19.72,8.85,-75.35,-32.19,NA,NA,NA,NA,NA,NA,102.00,102.00,2.00,2.00
Santiago_Tepitongo,Lowland,4C,3.1,22.00,11.00,4.91,2.76,26.69,7.78,-54.13,-16.20,129.00,327.66,21.00,5.00,4.00,9.00,95.00,102.00,2.00,2.00
Santiago_Tepitongo,Lowland,4C,3.2,23.00,11.00,9.76,-93.37,-45.78,9.52,-88.66,-42.23,109.00,276.86,21.00,4.00,3.00,7.00,102.00,102.00,3.00,2.00
Santiago_Tepitongo,Lowland,4C,3.3,24.00,11.00,8.02,-58.99,-19.86,9.24,-83.18,-38.10,118.00,299.72,21.00,5.00,3.00,8.00,102.00,109.00,3.00,2.00
Santiago_Tepitongo,Lowland,4C,3.4,25.00,11.00,NA,NA,NA,NA,NA,NA,NA,NA,NA,NA,NA,NA,NA,NA,NA,NA
Santiago_Tepitongo,Lowland,4C,3.5,26.00,11.00,6.91,-36.84,-3.16,8.74,-73.10,-30.50,112.75,286.39,20.00,4.00,3.00,7.00,95.00,102.00,1.00,1.00
Santiago_Tepitongo,Lowland,4C,3.6,27.00,11.00,NA,NA,NA,NA,NA,NA,NA,NA,NA,NA,NA,NA,NA,NA,NA,NA
Santiago_Tepitongo,Lowland,4C,3.7,28.00,11.00,5.32,-5.33,20.59,5.52,-9.29,17.61,124.25,315.60,20.00,3.00,2.00,5.00,116.00,116.00,NA,NA
Santiago_Tepitongo,Lowland,4C,4.1,22.00,12.00,7.11,-40.84,-6.18,7.66,-51.88,-14.50,NA,NA,NA,NA,NA,NA,102.00,102.00,2.00,2.00
Santiago_Tepitongo,Lowland,4C,4.2,23.00,12.00,8.39,-66.29,-25.36,8.69,-72.15,-29.78,120.25,305.44,22.00,3.00,2.00,5.00,102.00,102.00,2.00,2.00
Santiago_Tepitongo,Lowland,4C,4.3,24.00,12.00,8.30,-64.43,-23.96,9.21,-82.45,-37.55,114.75,291.47,19.00,4.00,3.00,7.00,95.00,102.00,4.00,2.00
Santiago_Tepitongo,Lowland,4C,4.4,25.00,12.00,6.25,-23.78,6.68,7.70,-52.67,-15.09,NA,NA,NA,NA,NA,NA,102.00,102.00,2.00,2.00
Santiago_Tepitongo,Lowland,4C,4.5,26.00,12.00,5.52,-9.38,17.54,7.58,-50.20,-13.24,NA,NA,NA,NA,NA,NA,102.00,109.00,4.00,2.00
Santiago_Tepitongo,Lowland,4C,4.6,27.00,12.00,5.17,-2.42,22.79,6.88,-36.27,-2.74,121.00,307.34,22.00,8.00,7.00,15.00,102.00,102.00,2.00,2.00
Santiago_Tepitongo,Lowland,4C,4.7,28.00,12.00,3.42,32.30,48.96,4.75,5.86,29.03,NA,NA,NA,NA,NA,NA,102.00,102.00,3.00,3.00
San_Cristobal_Lachirioag,Lowland,4D,1.1,22.00,13.00,1.00,80.18,85.06,4.22,16.33,36.92,NA,NA,NA,NA,NA,NA,102.00,109.00,NA,NA
San_Cristobal_Lachirioag,Lowland,4D,1.2,23.00,13.00,7.00,-38.78,-4.63,8.16,-61.74,-21.93,129.75,329.57,22.00,4.00,3.00,7.00,109.00,109.00,1.00,1.00
San_Cristobal_Lachirioag,Lowland,4D,1.3,24.00,13.00,6.16,-22.10,7.95,6.94,-37.57,-3.71,122.00,309.88,19.00,4.00,3.00,7.00,102.00,102.00,3.00,2.00
San_Cristobal_Lachirioag,Lowland,4D,1.4,25.00,13.00,3.98,21.06,40.49,7.04,-39.54,-5.20,121.00,307.34,23.00,4.00,2.00,6.00,102.00,102.00,2.00,2.00
San_Cristobal_Lachirioag,Lowland,4D,1.5,26.00,13.00,1.61,68.19,76.02,4.88,3.20,27.03,NA,NA,NA,NA,NA,NA,102.00,109.00,1.00,1.00
San_Cristobal_Lachirioag,Lowland,4D,1.6,27.00,13.00,NA,NA,NA,NA,NA,NA,NA,NA,NA,NA,NA,NA,NA,NA,NA,NA
San_Cristobal_Lachirioag,Lowland,4D,1.7,28.00,13.00,NA,NA,NA,5.40,-7.10,19.26,NA,NA,NA,NA,NA,NA,102.00,102.00,3.00,2.00
San_Cristobal_Lachirioag,Lowland,4D,2.1,22.00,14.00,3.50,30.58,47.66,4.83,4.36,27.90,NA,NA,NA,NA,NA,NA,102.00,102.00,2.00,1.00
San_Cristobal_Lachirioag,Lowland,4D,2.2,23.00,14.00,2.44,51.57,63.49,8.31,-64.64,-24.12,138.75,352.43,24.00,4.00,3.00,7.00,116.00,116.00,1.00,1.00
San_Cristobal_Lachirioag,Lowland,4D,2.3,24.00,14.00,5.78,-14.52,13.66,6.22,-23.31,7.04,130.25,330.84,23.00,1.00,0.00,1.00,116.00,116.00,1.00,1.00
San_Cristobal_Lachirioag,Lowland,4D,2.4,25.00,14.00,8.30,-64.45,-23.98,7.61,-50.73,-13.63,113.00,287.02,20.00,2.00,1.00,3.00,116.00,116.00,1.00,1.00
San_Cristobal_Lachirioag,Lowland,4D,2.5,26.00,14.00,3.32,34.18,50.38,6.11,-21.07,8.73,145.50,369.57,24.00,7.00,6.00,13.00,102.00,102.00,2.00,2.00
San_Cristobal_Lachirioag,Lowland,4D,2.6,27.00,14.00,3.18,36.94,52.46,NA,NA,NA,NA,NA,NA,NA,NA,NA,NA,NA,NA,NA
San_Cristobal_Lachirioag,Lowland,4D,2.7,28.00,14.00,1.57,68.94,76.59,3.08,38.93,53.96,137.50,349.25,20.00,4.00,3.00,7.00,109.00,109.00,1.00,1.00
San_Cristobal_Lachirioag,Lowland,4D,3.1,22.00,15.00,3.83,24.09,42.77,4.47,11.49,33.27,112.00,284.48,20.00,5.00,4.00,9.00,102.00,102.00,NA,NA
San_Cristobal_Lachirioag,Lowland,4D,3.2,23.00,15.00,2.07,59.04,69.12,6.54,-29.56,2.32,NA,NA,NA,NA,NA,NA,NA,NA,NA,NA
San_Cristobal_Lachirioag,Lowland,4D,3.3,24.00,15.00,NA,NA,NA,NA,NA,NA,NA,NA,NA,NA,NA,NA,NA,NA,NA,NA
San_Cristobal_Lachirioag,Lowland,4D,3.4,25.00,15.00,4.56,9.72,31.94,6.75,-33.81,-0.88,140.00,355.60,21.00,3.00,2.00,5.00,102.00,102.00,2.00,2.00
San_Cristobal_Lachirioag,Lowland,4D,3.5,26.00,15.00,6.43,-27.39,3.96,5.63,-11.63,15.84,144.50,367.03,23.00,4.00,3.00,7.00,102.00,102.00,1.00,1.00
San_Cristobal_Lachirioag,Lowland,4D,3.6,27.00,15.00,5.39,-6.91,19.40,6.76,-33.87,-0.93,122.75,311.79,19.00,5.00,4.00,9.00,102.00,102.00,2.00,2.00
San_Cristobal_Lachirioag,Lowland,4D,3.7,28.00,15.00,3.04,39.81,54.62,4.27,15.45,36.25,150.75,382.91,22.00,5.00,4.00,9.00,102.00,109.00,1.00,1.00
San_Cristobal_Lachirioag,Lowland,4D,4.1,22.00,16.00,1.25,75.21,81.31,4.58,9.24,31.57,NA,NA,NA,NA,NA,NA,102.00,102.00,2.00,2.00
San_Cristobal_Lachirioag,Lowland,4D,4.2,23.00,16.00,2.45,51.40,63.36,4.24,16.06,36.72,132.50,336.55,21.00,6.00,5.00,11.00,102.00,102.00,1.00,NA
San_Cristobal_Lachirioag,Lowland,4D,4.3,24.00,16.00,2.06,59.23,69.26,3.92,22.25,41.39,115.75,294.01,22.00,7.00,6.00,13.00,102.00,102.00,1.00,1.00
San_Cristobal_Lachirioag,Lowland,4D,4.4,25.00,16.00,4.49,10.97,32.88,5.89,-16.75,11.98,134.25,341.00,22.00,6.00,6.00,12.00,102.00,109.00,2.00,2.00
San_Cristobal_Lachirioag,Lowland,4D,4.5,26.00,16.00,3.18,37.00,52.51,5.94,-17.63,11.32,NA,NA,NA,NA,NA,NA,102.00,109.00,2.00,2.00
San_Cristobal_Lachirioag,Lowland,4D,4.6,27.00,16.00,3.69,26.87,44.87,5.99,-18.70,10.51,115.75,294.01,20.00,3.00,3.00,6.00,102.00,102.00,1.00,NA
San_Cristobal_Lachirioag,Lowland,4D,4.7,28.00,16.00,1.27,74.92,81.09,3.20,36.57,52.18,NA,NA,NA,NA,NA,NA,102.00,102.00,2.00,2.00
Lowland_Cultivar_5A,Lowland,5A,1.1,29.00,1.00,-1.24,124.59,118.54,-0.38,107.51,105.66,119.25,302.90,26.00,3.00,2.00,5.00,123.00,130.00,3.00,1.00
Lowland_Cultivar_5A,Lowland,5A,1.2,30.00,1.00,NA,NA,NA,NA,NA,NA,NA,NA,NA,NA,NA,NA,NA,NA,NA,NA
Lowland_Cultivar_5A,Lowland,5A,1.3,31.00,1.00,0.27,94.59,95.92,1.64,67.59,75.57,118.75,301.63,29.00,6.00,5.00,11.00,130.00,130.00,NA,NA
Lowland_Cultivar_5A,Lowland,5A,1.4,32.00,1.00,NA,NA,NA,NA,NA,NA,NA,NA,NA,NA,NA,NA,NA,NA,NA,NA
Lowland_Cultivar_5A,Lowland,5A,1.5,33.00,1.00,NA,NA,NA,NA,NA,NA,NA,NA,NA,NA,NA,NA,NA,NA,NA,NA
Lowland_Cultivar_5A,Lowland,5A,1.6,34.00,1.00,NA,NA,NA,NA,NA,NA,NA,NA,NA,NA,NA,NA,NA,NA,NA,NA
Lowland_Cultivar_5A,Lowland,5A,1.7,35.00,1.00,NA,NA,NA,NA,NA,NA,NA,NA,NA,NA,NA,NA,NA,NA,NA,NA
Lowland_Cultivar_5A,Lowland,5A,2.1,29.00,2.00,-2.98,159.04,144.51,-1.20,123.80,117.94,80.00,203.20,24.00,5.00,4.00,9.00,NA,NA,NA,NA
Lowland_Cultivar_5A,Lowland,5A,2.2,30.00,2.00,-1.20,123.86,117.99,2.89,42.66,56.77,105.25,267.34,23.00,3.00,3.00,6.00,NA,NA,NA,NA
Lowland_Cultivar_5A,Lowland,5A,2.3,31.00,2.00,NA,NA,NA,NA,NA,NA,NA,NA,NA,NA,NA,NA,NA,NA,NA,NA
Lowland_Cultivar_5A,Lowland,5A,2.4,32.00,2.00,-1.04,120.68,115.59,2.22,55.95,66.79,95.50,242.57,24.00,3.00,2.00,5.00,123.00,130.00,5.00,NA
Lowland_Cultivar_5A,Lowland,5A,2.5,33.00,2.00,0.46,90.94,93.17,1.46,71.15,78.25,94.50,240.03,23.00,3.00,3.00,6.00,NA,NA,NA,NA
Lowland_Cultivar_5A,Lowland,5A,2.6,34.00,2.00,NA,NA,NA,NA,NA,NA,NA,NA,NA,NA,NA,NA,NA,NA,NA,NA
Lowland_Cultivar_5A,Lowland,5A,2.7,35.00,2.00,-1.01,120.00,115.08,0.05,99.05,99.28,71.25,180.98,22.00,5.00,5.00,10.00,NA,NA,NA,NA
Lowland_Cultivar_5A,Lowland,5A,3.1,29.00,3.00,-0.67,113.22,109.96,-0.63,112.44,109.37,96.50,245.11,23.00,4.00,3.00,7.00,130.00,130.00,5.00,NA
Lowland_Cultivar_5A,Lowland,5A,3.2,30.00,3.00,NA,NA,NA,NA,NA,NA,NA,NA,NA,NA,NA,NA,NA,NA,NA,NA
Lowland_Cultivar_5A,Lowland,5A,3.3,31.00,3.00,-1.78,135.33,126.63,0.20,96.08,97.05,101.50,257.81,24.00,3.00,2.00,5.00,130.00,130.00,3.00,NA
Lowland_Cultivar_5A,Lowland,5A,3.4,32.00,3.00,-0.77,115.22,111.47,0.88,82.65,86.92,96.25,244.48,25.00,3.00,2.00,5.00,130.00,130.00,NA,NA
Lowland_Cultivar_5A,Lowland,5A,3.5,33.00,3.00,0.34,93.19,94.87,2.93,41.88,56.18,87.25,221.62,24.00,4.00,3.00,7.00,NA,NA,NA,NA
Lowland_Cultivar_5A,Lowland,5A,3.6,34.00,3.00,1.23,75.60,81.60,1.70,66.30,74.59,81.75,207.65,27.00,4.00,3.00,7.00,130.00,130.00,1.00,NA
Lowland_Cultivar_5A,Lowland,5A,3.7,35.00,3.00,0.37,92.69,94.49,-0.28,105.62,104.23,NA,NA,NA,NA,NA,NA,NA,NA,NA,NA
Lowland_Cultivar_5A,Lowland,5A,4.1,29.00,4.00,-0.65,112.80,109.65,1.21,76.05,81.94,106.25,269.88,26.00,5.00,4.00,9.00,130.00,130.00,5.00,NA
Lowland_Cultivar_5A,Lowland,5A,4.2,30.00,4.00,NA,NA,NA,NA,NA,NA,NA,NA,NA,NA,NA,NA,NA,NA,NA,NA
Lowland_Cultivar_5A,Lowland,5A,4.3,31.00,4.00,-1.28,125.31,119.08,2.27,55.10,66.15,135.25,343.54,25.00,4.00,4.00,8.00,123.00,130.00,4.00,2.00
Lowland_Cultivar_5A,Lowland,5A,4.4,32.00,4.00,-1.86,136.89,127.81,1.74,65.54,74.02,NA,NA,NA,NA,NA,NA,130.00,130.00,NA,NA
Lowland_Cultivar_5A,Lowland,5A,4.5,33.00,4.00,-0.60,111.85,108.93,1.03,79.55,84.58,119.50,303.53,27.00,2.00,2.00,4.00,130.00,130.00,1.00,NA
Lowland_Cultivar_5A,Lowland,5A,4.6,34.00,4.00,NA,NA,NA,NA,NA,NA,NA,NA,NA,NA,NA,NA,NA,NA,NA,NA
Lowland_Cultivar_5A,Lowland,5A,4.7,35.00,4.00,NA,NA,NA,NA,NA,NA,NA,NA,NA,NA,NA,NA,NA,NA,NA,NA
B73xMo17,Modern,5B,1.1,29.00,5.00,2.06,NA,69.27,NA,NA,NA,63.50,161.29,12.00,2.00,1.00,3.00,74.00,81.00,2.00,1.00
B73xMo17,Modern,5B,1.2,30.00,5.00,1.97,NA,70.52,NA,NA,NA,57.00,144.78,11.00,2.00,1.00,3.00,74.00,81.00,2.00,2.00
B73xMo17,Modern,5B,1.3,31.00,5.00,1.82,NA,72.88,NA,NA,NA,NA,NA,NA,NA,NA,NA,74.00,81.00,2.00,2.00
B73xMo17,Modern,5B,1.4,32.00,5.00,2.16,NA,67.76,NA,NA,NA,NA,NA,NA,NA,NA,NA,74.00,81.00,2.00,2.00
B73xMo17,Modern,5B,1.5,33.00,5.00,2.65,NA,60.37,NA,NA,NA,NA,NA,NA,NA,NA,NA,74.00,81.00,1.00,1.00
B73xMo17,Modern,5B,1.6,34.00,5.00,2.23,NA,66.75,NA,NA,NA,56.75,144.15,11.00,2.00,1.00,3.00,74.00,81.00,1.00,1.00
B73xMo17,Modern,5B,1.7,35.00,5.00,2.55,NA,61.95,NA,NA,NA,NA,NA,NA,NA,NA,NA,74.00,81.00,1.00,1.00
B73xMo17,Modern,5B,2.1,29.00,6.00,7.19,NA,-7.46,NA,NA,NA,62.50,158.75,10.00,2.00,1.00,3.00,74.00,81.00,2.00,2.00
B73xMo17,Modern,5B,2.2,30.00,6.00,5.43,NA,18.81,NA,NA,NA,61.75,156.85,11.00,3.00,1.00,4.00,74.00,81.00,2.00,2.00
B73xMo17,Modern,5B,2.3,31.00,6.00,4.90,NA,26.86,NA,NA,NA,66.00,167.64,11.00,3.00,2.00,5.00,74.00,81.00,2.00,2.00
B73xMo17,Modern,5B,2.4,32.00,6.00,4.76,NA,28.85,NA,NA,NA,60.25,153.04,10.00,1.00,1.00,2.00,74.00,81.00,1.00,1.00
B73xMo17,Modern,5B,2.5,33.00,6.00,3.31,NA,50.59,NA,NA,NA,65.00,165.10,11.00,2.00,1.00,3.00,67.00,74.00,2.00,2.00
B73xMo17,Modern,5B,2.6,34.00,6.00,5.65,NA,15.65,NA,NA,NA,54.25,137.80,9.00,1.00,1.00,2.00,81.00,88.00,1.00,1.00
B73xMo17,Modern,5B,2.7,35.00,6.00,3.30,NA,50.74,NA,NA,NA,NA,NA,NA,NA,NA,NA,74.00,81.00,1.00,1.00
B73xMo17,Modern,5B,3.1,29.00,7.00,9.63,NA,-43.80,NA,NA,NA,59.00,149.86,11.00,2.00,1.00,3.00,81.00,81.00,2.00,2.00
B73xMo17,Modern,5B,3.2,30.00,7.00,8.01,NA,-19.67,NA,NA,NA,71.25,180.98,13.00,2.00,2.00,4.00,81.00,81.00,1.00,1.00
B73xMo17,Modern,5B,3.3,31.00,7.00,4.21,NA,37.13,NA,NA,NA,65.00,165.10,11.00,2.00,1.00,3.00,74.00,81.00,1.00,1.00
B73xMo17,Modern,5B,3.4,32.00,7.00,5.03,NA,24.87,NA,NA,NA,65.00,165.10,11.00,3.00,1.00,4.00,74.00,81.00,1.00,1.00
B73xMo17,Modern,5B,3.5,33.00,7.00,4.93,NA,26.42,NA,NA,NA,59.75,151.77,11.00,2.00,1.00,3.00,74.00,81.00,1.00,1.00
B73xMo17,Modern,5B,3.6,34.00,7.00,7.02,NA,-4.80,NA,NA,NA,NA,NA,NA,NA,NA,NA,NA,NA,NA,NA
B73xMo17,Modern,5B,3.7,35.00,7.00,5.19,NA,22.41,NA,NA,NA,NA,NA,NA,NA,NA,NA,67.00,74.00,2.00,2.00
B73xMo17,Modern,5B,4.1,29.00,8.00,11.26,NA,-68.21,NA,NA,NA,57.25,145.42,11.00,3.00,2.00,5.00,74.00,81.00,2.00,2.00
B73xMo17,Modern,5B,4.2,30.00,8.00,9.06,NA,-35.34,NA,NA,NA,59.00,149.86,10.00,2.00,1.00,3.00,74.00,81.00,1.00,1.00
B73xMo17,Modern,5B,4.3,31.00,8.00,7.61,NA,-13.72,NA,NA,NA,NA,NA,11.00,2.00,0.00,2.00,74.00,81.00,1.00,1.00
B73xMo17,Modern,5B,4.4,32.00,8.00,NA,NA,100.00,NA,NA,NA,NA,NA,NA,NA,NA,NA,NA,NA,NA,NA
B73xMo17,Modern,5B,4.5,33.00,8.00,7.75,NA,-15.71,NA,NA,NA,NA,NA,NA,NA,NA,NA,74.00,81.00,1.00,1.00
B73xMo17,Modern,5B,4.6,34.00,8.00,8.36,NA,-24.82,NA,NA,NA,59.00,149.86,10.00,2.00,1.00,3.00,74.00,81.00,2.00,2.00
B73xMo17,Modern,5B,4.7,35.00,8.00,6.41,NA,4.21,NA,NA,NA,64.00,162.56,11.00,1.00,1.00,2.00,74.00,81.00,2.00,2.00
Venustiano_Carranza_Durango,Highland,5C,1.1,29.00,9.00,NA,NA,NA,NA,NA,NA,NA,NA,NA,NA,NA,NA,NA,NA,NA,NA
Venustiano_Carranza_Durango,Highland,5C,1.2,30.00,9.00,NA,NA,NA,NA,NA,NA,NA,NA,NA,NA,NA,NA,NA,NA,NA,NA
Venustiano_Carranza_Durango,Highland,5C,1.3,31.00,9.00,NA,NA,NA,NA,NA,NA,NA,NA,NA,NA,NA,NA,NA,NA,NA,NA
Venustiano_Carranza_Durango,Highland,5C,1.4,32.00,9.00,NA,NA,NA,NA,NA,NA,NA,NA,NA,NA,NA,NA,NA,NA,NA,NA
Venustiano_Carranza_Durango,Highland,5C,1.5,33.00,9.00,NA,NA,NA,NA,NA,NA,NA,NA,NA,NA,NA,NA,NA,NA,NA,NA
Venustiano_Carranza_Durango,Highland,5C,1.6,34.00,9.00,NA,NA,NA,NA,NA,NA,NA,NA,NA,NA,NA,NA,NA,NA,NA,NA
Venustiano_Carranza_Durango,Highland,5C,1.7,35.00,9.00,NA,NA,NA,NA,NA,NA,NA,NA,NA,NA,NA,NA,NA,NA,NA,NA
Venustiano_Carranza_Durango,Highland,5C,2.1,29.00,10.00,NA,NA,NA,NA,NA,NA,NA,NA,NA,NA,NA,NA,NA,NA,NA,NA
Venustiano_Carranza_Durango,Highland,5C,2.2,30.00,10.00,NA,NA,NA,NA,NA,NA,NA,NA,NA,NA,NA,NA,NA,NA,NA,NA
Venustiano_Carranza_Durango,Highland,5C,2.3,31.00,10.00,5.82,-15.31,13.07,6.39,-26.54,4.60,70.00,177.80,12.00,2.00,1.00,3.00,81.00,81.00,1.00,1.00
Venustiano_Carranza_Durango,Highland,5C,2.4,32.00,10.00,2.43,51.90,63.74,3.15,37.54,52.91,67.00,170.18,13.00,2.00,1.00,3.00,74.00,81.00,1.00,1.00
Venustiano_Carranza_Durango,Highland,5C,2.5,33.00,10.00,3.07,39.21,54.17,4.43,12.19,33.80,56.50,143.51,12.00,2.00,0.00,2.00,67.00,74.00,2.00,2.00
Venustiano_Carranza_Durango,Highland,5C,2.6,34.00,10.00,NA,NA,NA,NA,NA,NA,NA,NA,NA,NA,NA,NA,NA,NA,NA,NA
Venustiano_Carranza_Durango,Highland,5C,2.7,35.00,10.00,NA,NA,NA,NA,NA,NA,NA,NA,NA,NA,NA,NA,NA,NA,NA,NA
Venustiano_Carranza_Durango,Highland,5C,3.1,29.00,11.00,NA,NA,NA,NA,NA,NA,NA,NA,NA,NA,NA,NA,NA,NA,NA,NA
Venustiano_Carranza_Durango,Highland,5C,3.2,30.00,11.00,NA,NA,NA,NA,NA,NA,NA,NA,NA,NA,NA,NA,NA,NA,NA,NA
Venustiano_Carranza_Durango,Highland,5C,3.3,31.00,11.00,2.82,44.07,57.84,4.54,10.12,32.24,83.00,210.82,14.00,2.00,2.00,4.00,74.00,81.00,1.00,1.00
Venustiano_Carranza_Durango,Highland,5C,3.4,32.00,11.00,2.32,53.94,65.28,3.12,38.16,53.38,69.00,175.26,10.00,1.00,1.00,2.00,74.00,81.00,1.00,1.00
Venustiano_Carranza_Durango,Highland,5C,3.5,33.00,11.00,2.08,58.76,68.91,3.13,38.05,53.30,71.25,180.98,13.00,3.00,2.00,5.00,74.00,81.00,2.00,2.00
Venustiano_Carranza_Durango,Highland,5C,3.6,34.00,11.00,NA,NA,NA,NA,NA,NA,NA,NA,NA,NA,NA,NA,NA,NA,NA,NA
Venustiano_Carranza_Durango,Highland,5C,3.7,35.00,11.00,NA,NA,NA,NA,NA,NA,NA,NA,NA,NA,NA,NA,NA,NA,NA,NA
Venustiano_Carranza_Durango,Highland,5C,4.1,29.00,12.00,NA,NA,NA,NA,NA,NA,NA,NA,NA,NA,NA,NA,NA,NA,NA,NA
Venustiano_Carranza_Durango,Highland,5C,4.2,30.00,12.00,NA,NA,NA,NA,NA,NA,NA,NA,NA,NA,NA,NA,NA,NA,NA,NA
Venustiano_Carranza_Durango,Highland,5C,4.3,31.00,12.00,NA,NA,NA,NA,NA,NA,NA,NA,NA,NA,NA,NA,NA,NA,NA,NA
Venustiano_Carranza_Durango,Highland,5C,4.4,32.00,12.00,NA,NA,NA,NA,NA,NA,NA,NA,NA,NA,NA,NA,NA,NA,NA,NA
Venustiano_Carranza_Durango,Highland,5C,4.5,33.00,12.00,NA,NA,NA,NA,NA,NA,NA,NA,NA,NA,NA,NA,NA,NA,NA,NA
Venustiano_Carranza_Durango,Highland,5C,4.6,34.00,12.00,NA,NA,NA,NA,NA,NA,NA,NA,NA,NA,NA,NA,NA,NA,NA,NA
Venustiano_Carranza_Durango,Highland,5C,4.7,35.00,12.00,NA,NA,NA,NA,NA,NA,NA,NA,NA,NA,NA,NA,NA,NA,NA,NA
Totontepec_Vicente,Highland,5D,1.1,29.00,13.00,3.40,32.56,49.16,2.65,47.58,60.48,NA,NA,NA,NA,NA,NA,123.00,130.00,1.00,NA
Totontepec_Vicente,Highland,5D,1.2,30.00,13.00,4.10,18.77,38.76,5.18,-2.74,22.55,156.25,396.88,20.00,4.00,3.00,7.00,102.00,116.00,2.00,1.00
Totontepec_Vicente,Highland,5D,1.3,31.00,13.00,4.10,18.66,38.68,NA,NA,NA,NA,NA,NA,NA,NA,NA,123.00,130.00,1.00,NA
Totontepec_Vicente,Highland,5D,1.4,32.00,13.00,1.47,70.80,77.98,5.22,-3.38,22.06,NA,NA,NA,NA,NA,NA,NA,NA,NA,NA
Totontepec_Vicente,Highland,5D,1.5,33.00,13.00,1.55,69.31,76.86,4.85,3.80,27.47,NA,NA,NA,NA,NA,NA,116.00,116.00,2.00,2.00
Totontepec_Vicente,Highland,5D,1.6,34.00,13.00,3.34,33.81,50.10,4.01,20.62,40.16,129.50,328.93,23.00,7.00,6.00,13.00,NA,NA,NA,NA
Totontepec_Vicente,Highland,5D,1.7,35.00,13.00,0.13,97.47,98.09,2.64,47.74,60.60,NA,NA,NA,NA,NA,NA,109.00,123.00,NA,NA
Totontepec_Vicente,Highland,5D,2.1,29.00,14.00,3.36,33.43,49.81,5.14,-1.84,23.22,NA,NA,NA,NA,NA,NA,102.00,116.00,2.00,1.00
Totontepec_Vicente,Highland,5D,2.2,30.00,14.00,4.51,10.58,32.58,5.42,-7.36,19.06,156.75,398.15,22.00,4.00,3.00,7.00,116.00,116.00,NA,NA
Totontepec_Vicente,Highland,5D,2.3,31.00,14.00,5.36,-6.12,20.00,5.95,-17.88,11.13,136.25,346.08,22.00,7.00,6.00,13.00,123.00,123.00,1.00,1.00
Totontepec_Vicente,Highland,5D,2.4,32.00,14.00,1.51,70.10,77.46,5.67,-12.39,15.27,169.00,429.26,23.00,6.00,5.00,11.00,123.00,123.00,1.00,1.00
Totontepec_Vicente,Highland,5D,2.5,33.00,14.00,6.62,-31.25,1.05,6.14,-21.58,8.34,136.50,346.71,18.00,2.00,1.00,3.00,123.00,123.00,NA,NA
Totontepec_Vicente,Highland,5D,2.6,34.00,14.00,1.91,62.24,71.54,4.68,7.29,30.11,137.25,348.62,18.00,7.00,5.00,12.00,130.00,130.00,NA,NA
Totontepec_Vicente,Highland,5D,2.7,35.00,14.00,1.97,60.87,70.50,2.86,43.35,57.29,NA,NA,NA,NA,NA,NA,116.00,116.00,NA,NA
Totontepec_Vicente,Highland,5D,3.1,29.00,15.00,NA,NA,NA,NA,NA,NA,NA,NA,NA,NA,NA,NA,NA,NA,NA,NA
Totontepec_Vicente,Highland,5D,3.2,30.00,15.00,3.50,30.56,47.65,4.50,10.92,32.84,144.25,366.40,15.00,5.00,4.00,9.00,NA,NA,NA,NA
Totontepec_Vicente,Highland,5D,3.3,31.00,15.00,3.41,32.52,49.13,5.73,-13.47,14.45,144.75,367.67,20.00,5.00,4.00,9.00,102.00,116.00,1.00,1.00
Totontepec_Vicente,Highland,5D,3.4,32.00,15.00,NA,NA,NA,NA,NA,NA,NA,NA,NA,NA,NA,NA,NA,NA,NA,NA
Totontepec_Vicente,Highland,5D,3.5,33.00,15.00,5.31,-5.29,20.62,6.17,-22.31,7.79,146.50,372.11,20.00,5.00,4.00,9.00,116.00,116.00,1.00,1.00
Totontepec_Vicente,Highland,5D,3.6,34.00,15.00,5.21,-3.27,22.14,6.95,-37.76,-3.86,147.00,373.38,20.00,5.00,4.00,9.00,102.00,116.00,1.00,1.00
Totontepec_Vicente,Highland,5D,3.7,35.00,15.00,2.75,45.55,58.95,5.49,-8.89,17.91,149.00,378.46,15.00,4.00,3.00,7.00,123.00,123.00,1.00,1.00
Totontepec_Vicente,Highland,5D,4.1,29.00,16.00,2.29,54.59,65.77,4.30,14.82,35.78,NA,NA,NA,NA,NA,NA,102.00,116.00,1.00,1.00
Totontepec_Vicente,Highland,5D,4.2,30.00,16.00,5.84,-15.82,12.69,6.36,-25.99,5.01,147.50,374.65,23.00,5.00,4.00,9.00,116.00,123.00,2.00,2.00
Totontepec_Vicente,Highland,5D,4.3,31.00,16.00,5.55,-10.00,17.07,5.97,-18.25,10.85,NA,NA,NA,NA,NA,NA,130.00,130.00,NA,NA
Totontepec_Vicente,Highland,5D,4.4,32.00,16.00,5.45,-7.96,18.61,8.60,-70.38,-28.45,123.00,312.42,21.00,6.00,6.00,12.00,109.00,123.00,1.00,1.00
Totontepec_Vicente,Highland,5D,4.5,33.00,16.00,6.59,-30.64,1.51,7.05,-39.71,-5.33,NA,NA,NA,NA,NA,NA,116.00,123.00,1.00,1.00
Totontepec_Vicente,Highland,5D,4.6,34.00,16.00,1.83,63.67,72.61,4.52,10.51,32.53,153.50,389.89,23.00,7.00,6.00,13.00,123.00,123.00,NA,NA
Totontepec_Vicente,Highland,5D,4.7,35.00,16.00,2.47,51.02,63.07,3.72,26.29,44.43,NA,NA,NA,NA,NA,NA,123.00,130.00,NA,NA
Totontepec_Vidal,Highland,6A,1.1,36.00,1.00,NA,NA,NA,NA,NA,NA,NA,NA,NA,NA,NA,NA,NA,NA,NA,NA
Totontepec_Vidal,Highland,6A,1.2,37.00,1.00,2.84,43.77,57.61,0.89,82.43,86.75,125.25,318.14,23.00,2.00,2.00,4.00,123.00,123.00,NA,NA
Totontepec_Vidal,Highland,6A,1.3,38.00,1.00,4.31,14.67,35.67,1.88,62.75,71.92,NA,NA,NA,NA,NA,NA,116.00,123.00,2.00,NA
Totontepec_Vidal,Highland,6A,1.4,39.00,1.00,1.30,74.28,80.61,2.13,57.86,68.23,NA,NA,NA,NA,NA,NA,123.00,123.00,NA,NA
Totontepec_Vidal,Highland,6A,1.5,40.00,1.00,2.08,58.82,68.96,2.00,60.45,70.18,NA,NA,NA,NA,NA,NA,116.00,123.00,NA,NA
Totontepec_Vidal,Highland,6A,1.6,41.00,1.00,-0.01,100.18,100.13,2.00,60.41,70.15,89.75,227.97,21.00,6.00,5.00,11.00,130.00,130.00,NA,NA
Totontepec_Vidal,Highland,6A,1.7,42.00,1.00,3.43,31.94,48.69,3.40,32.55,49.15,NA,NA,NA,NA,NA,NA,130.00,NA,NA,NA
Totontepec_Vidal,Highland,6A,2.1,36.00,2.00,2.33,53.75,65.14,4.85,3.96,27.60,119.00,302.26,21.00,6.00,5.00,11.00,116.00,123.00,1.00,NA
Totontepec_Vidal,Highland,6A,2.2,37.00,2.00,2.73,45.81,59.15,5.38,-6.61,19.63,119.25,302.90,23.00,4.00,3.00,7.00,116.00,123.00,NA,NA
Totontepec_Vidal,Highland,6A,2.3,38.00,2.00,2.79,44.69,58.30,5.79,-14.68,13.54,145.25,368.94,20.00,4.00,3.00,7.00,109.00,123.00,1.00,1.00
Totontepec_Vidal,Highland,6A,2.4,39.00,2.00,2.28,54.87,65.97,4.16,17.52,37.82,110.75,281.31,20.00,5.00,4.00,9.00,109.00,116.00,1.00,NA
Totontepec_Vidal,Highland,6A,2.5,40.00,2.00,3.43,31.96,48.71,3.80,24.68,43.22,NA,NA,NA,NA,NA,NA,NA,NA,NA,NA
Totontepec_Vidal,Highland,6A,2.6,41.00,2.00,2.10,58.42,68.65,2.42,52.08,63.87,100.50,255.27,21.00,4.00,3.00,7.00,116.00,130.00,NA,NA
Totontepec_Vidal,Highland,6A,2.7,42.00,2.00,-0.13,102.53,101.90,1.33,73.69,80.17,101.50,257.81,21.00,4.00,3.00,7.00,130.00,130.00,NA,NA
Totontepec_Vidal,Highland,6A,3.1,36.00,3.00,-0.08,101.59,101.20,1.42,71.92,78.83,129.25,328.30,20.00,7.00,6.00,13.00,109.00,116.00,1.00,NA
Totontepec_Vidal,Highland,6A,3.2,37.00,3.00,-0.77,115.19,111.45,2.07,59.05,69.12,142.75,362.59,22.00,4.00,3.00,7.00,116.00,123.00,1.00,1.00
Totontepec_Vidal,Highland,6A,3.3,38.00,3.00,NA,NA,NA,NA,NA,NA,NA,NA,NA,NA,NA,NA,NA,NA,NA,NA
Totontepec_Vidal,Highland,6A,3.4,39.00,3.00,NA,NA,NA,NA,NA,NA,NA,NA,NA,NA,NA,NA,NA,NA,NA,NA
Totontepec_Vidal,Highland,6A,3.5,40.00,3.00,NA,NA,NA,NA,NA,NA,NA,NA,NA,NA,NA,NA,NA,NA,NA,NA
Totontepec_Vidal,Highland,6A,3.6,41.00,3.00,NA,NA,NA,NA,NA,NA,NA,NA,NA,NA,NA,NA,NA,NA,NA,NA
Totontepec_Vidal,Highland,6A,3.7,42.00,3.00,0.53,89.49,92.08,1.30,74.32,80.64,118.00,299.72,19.00,3.00,2.00,5.00,109.00,116.00,2.00,NA
Totontepec_Vidal,Highland,6A,4.1,36.00,4.00,1.24,75.43,81.47,1.88,62.79,71.95,NA,NA,NA,NA,NA,NA,116.00,116.00,2.00,1.00
Totontepec_Vidal,Highland,6A,4.2,37.00,4.00,1.34,73.47,80.00,2.85,43.56,57.45,135.50,344.17,19.00,4.00,3.00,7.00,109.00,116.00,NA,NA
Totontepec_Vidal,Highland,6A,4.3,38.00,4.00,NA,NA,NA,NA,NA,NA,NA,NA,NA,NA,NA,NA,NA,NA,NA,NA
Totontepec_Vidal,Highland,6A,4.4,39.00,4.00,NA,NA,NA,NA,NA,NA,NA,NA,NA,NA,NA,NA,NA,NA,NA,NA
Totontepec_Vidal,Highland,6A,4.5,40.00,4.00,1.59,68.44,76.21,3.12,38.08,53.32,NA,NA,NA,NA,NA,NA,109.00,116.00,2.00,1.00
Totontepec_Vidal,Highland,6A,4.6,41.00,4.00,1.07,78.75,83.98,3.75,25.65,43.95,138.75,352.43,20.00,4.00,3.00,NA,123.00,130.00,2.00,1.00
Totontepec_Vidal,Highland,6A,4.7,42.00,4.00,-0.46,109.14,106.89,1.59,68.48,76.23,133.50,339.09,23.00,10.00,9.00,NA,109.00,116.00,3.00,2.00
San_Juan_Comaltepec,Lowland,6B,1.1,36.00,5.00,1.11,78.02,83.43,0.82,83.80,87.79,NA,NA,NA,NA,NA,NA,109.00,116.00,1.00,1.00
San_Juan_Comaltepec,Lowland,6B,1.2,37.00,5.00,2.28,54.74,65.88,3.34,33.73,50.04,144.00,365.76,21.00,3.00,3.00,6.00,123.00,123.00,NA,NA
San_Juan_Comaltepec,Lowland,6B,1.3,38.00,5.00,NA,NA,NA,NA,NA,NA,NA,NA,NA,NA,NA,NA,NA,NA,NA,NA
San_Juan_Comaltepec,Lowland,6B,1.4,39.00,5.00,2.01,60.16,69.97,6.11,-20.98,8.79,NA,NA,NA,NA,NA,NA,130.00,130.00,NA,NA
San_Juan_Comaltepec,Lowland,6B,1.5,40.00,5.00,3.42,32.29,48.95,5.25,-4.06,21.55,NA,NA,NA,NA,NA,NA,109.00,116.00,2.00,1.00
San_Juan_Comaltepec,Lowland,6B,1.6,41.00,5.00,2.13,57.81,68.19,4.67,7.46,30.23,134.50,341.63,21.00,5.00,4.00,9.00,109.00,116.00,1.00,1.00
San_Juan_Comaltepec,Lowland,6B,1.7,42.00,5.00,1.34,73.44,79.97,3.44,31.80,48.58,NA,NA,NA,NA,NA,NA,116.00,116.00,1.00,1.00
San_Juan_Comaltepec,Lowland,6B,2.1,36.00,6.00,1.41,72.06,78.94,4.43,12.30,33.88,138.25,351.16,22.00,6.00,4.00,10.00,102.00,116.00,2.00,2.00
San_Juan_Comaltepec,Lowland,6B,2.2,37.00,6.00,NA,NA,NA,NA,NA,NA,NA,NA,NA,NA,NA,NA,NA,NA,NA,NA
San_Juan_Comaltepec,Lowland,6B,2.3,38.00,6.00,NA,NA,NA,NA,NA,NA,NA,NA,NA,NA,NA,NA,NA,NA,NA,NA
San_Juan_Comaltepec,Lowland,6B,2.4,39.00,6.00,0.67,86.72,89.99,4.35,13.89,35.08,144.50,367.03,23.00,6.00,5.00,11.00,109.00,116.00,1.00,1.00
San_Juan_Comaltepec,Lowland,6B,2.5,40.00,6.00,NA,NA,NA,NA,NA,NA,NA,NA,NA,NA,NA,NA,NA,NA,NA,NA
San_Juan_Comaltepec,Lowland,6B,2.6,41.00,6.00,1.63,67.62,75.59,4.01,20.54,40.10,137.75,349.89,19.00,6.00,5.00,11.00,130.00,130.00,NA,NA
San_Juan_Comaltepec,Lowland,6B,2.7,42.00,6.00,-0.47,109.30,107.01,0.95,81.24,85.86,140.25,356.24,23.00,7.00,6.00,13.00,116.00,123.00,NA,NA
San_Juan_Comaltepec,Lowland,6B,3.1,36.00,7.00,2.22,55.92,66.77,4.08,19.16,39.06,NA,NA,NA,NA,NA,NA,102.00,109.00,2.00,2.00
San_Juan_Comaltepec,Lowland,6B,3.2,37.00,7.00,5.50,-9.07,17.77,5.31,-5.17,20.71,NA,NA,NA,NA,NA,NA,NA,NA,NA,NA
San_Juan_Comaltepec,Lowland,6B,3.3,38.00,7.00,4.63,8.29,30.86,6.31,-24.99,5.77,142.13,361.00,24.00,6.00,5.00,11.00,109.00,116.00,2.00,1.00
San_Juan_Comaltepec,Lowland,6B,3.4,39.00,7.00,3.67,27.21,45.13,6.29,-24.70,5.99,147.75,375.29,20.00,3.00,2.00,5.00,109.00,116.00,1.00,1.00
San_Juan_Comaltepec,Lowland,6B,3.5,40.00,7.00,3.50,30.63,47.71,5.78,-14.54,13.65,146.00,370.84,22.00,6.00,4.00,10.00,116.00,116.00,2.00,2.00
San_Juan_Comaltepec,Lowland,6B,3.6,41.00,7.00,-0.32,106.43,104.84,3.41,32.40,49.03,144.13,366.08,20.00,5.00,4.00,9.00,109.00,116.00,1.00,1.00
San_Juan_Comaltepec,Lowland,6B,3.7,42.00,7.00,0.51,89.97,92.44,2.75,45.57,58.97,NA,NA,NA,NA,NA,NA,109.00,116.00,NA,NA
San_Juan_Comaltepec,Lowland,6B,4.1,36.00,8.00,6.74,-33.65,-0.76,6.46,-28.01,3.49,NA,NA,NA,NA,NA,NA,109.00,116.00,2.00,NA
San_Juan_Comaltepec,Lowland,6B,4.2,37.00,8.00,7.51,-48.86,-12.23,6.52,-29.19,2.61,140.75,357.51,22.00,6.00,4.00,10.00,116.00,130.00,1.00,1.00
San_Juan_Comaltepec,Lowland,6B,4.3,38.00,8.00,5.34,-5.91,20.16,7.05,-39.77,-5.37,NA,NA,NA,NA,NA,NA,NA,NA,NA,NA
San_Juan_Comaltepec,Lowland,6B,4.4,39.00,8.00,3.14,37.72,53.05,6.58,-30.39,1.70,155.75,395.61,22.00,7.00,6.00,13.00,116.00,130.00,1.00,1.00
San_Juan_Comaltepec,Lowland,6B,4.5,40.00,8.00,4.40,12.84,34.29,4.71,6.70,29.66,NA,NA,NA,NA,NA,NA,130.00,130.00,1.00,1.00
San_Juan_Comaltepec,Lowland,6B,4.6,41.00,8.00,3.67,27.21,45.13,6.66,-31.98,0.50,100.50,255.27,20.00,4.00,2.00,6.00,116.00,116.00,1.00,NA
San_Juan_Comaltepec,Lowland,6B,4.7,42.00,8.00,5.10,-1.10,23.78,5.53,-9.54,17.42,NA,NA,NA,NA,NA,NA,116.00,130.00,NA,NA
Diploperennis,Teosinte,6C,1.1,36.00,9.00,NA,NA,NA,NA,NA,NA,NA,NA,NA,NA,NA,NA,NA,NA,NA,NA
Diploperennis,Teosinte,6C,1.2,37.00,9.00,NA,NA,NA,NA,NA,NA,NA,NA,NA,NA,NA,NA,NA,NA,NA,NA
Diploperennis,Teosinte,6C,1.3,38.00,9.00,NA,NA,NA,NA,NA,NA,NA,NA,NA,NA,NA,NA,NA,NA,NA,NA
Diploperennis,Teosinte,6C,1.4,39.00,9.00,NA,NA,NA,NA,NA,NA,NA,NA,NA,NA,NA,NA,NA,NA,NA,NA
Diploperennis,Teosinte,6C,1.5,40.00,9.00,NA,NA,NA,NA,NA,NA,NA,NA,NA,NA,NA,NA,NA,NA,NA,NA
Diploperennis,Teosinte,6C,1.6,41.00,9.00,NA,NA,NA,NA,NA,NA,NA,NA,NA,NA,NA,NA,NA,NA,NA,NA
Diploperennis,Teosinte,6C,1.7,42.00,9.00,NA,NA,NA,NA,NA,NA,NA,NA,NA,NA,NA,NA,NA,NA,NA,NA
Diploperennis,Teosinte,6C,2.1,36.00,10.00,NA,NA,NA,NA,NA,NA,NA,NA,NA,NA,NA,NA,NA,NA,NA,NA
Diploperennis,Teosinte,6C,2.2,37.00,10.00,2.85,43.52,57.42,6.01,-19.09,10.22,58.75,149.23,22.00,6.00,5.00,11.00,130.00,NA,NA,NA
Diploperennis,Teosinte,6C,2.3,38.00,10.00,4.23,16.24,36.86,8.26,-63.72,-23.43,47.50,120.65,20.00,6.00,4.00,10.00,NA,NA,NA,NA
Diploperennis,Teosinte,6C,2.4,39.00,10.00,NA,NA,NA,NA,NA,NA,NA,NA,NA,NA,NA,NA,NA,NA,NA,NA
Diploperennis,Teosinte,6C,2.5,40.00,10.00,NA,NA,NA,NA,NA,NA,NA,NA,NA,NA,NA,NA,NA,NA,NA,NA
Diploperennis,Teosinte,6C,2.6,41.00,10.00,NA,NA,NA,NA,NA,NA,NA,NA,NA,NA,NA,NA,NA,NA,NA,NA
Diploperennis,Teosinte,6C,2.7,42.00,10.00,NA,NA,NA,NA,NA,NA,NA,NA,NA,NA,NA,NA,NA,NA,NA,NA
Diploperennis,Teosinte,6C,3.1,36.00,11.00,1.90,62.31,71.59,1.97,61.05,70.64,65.50,166.37,26.00,7.00,6.00,13.00,130.00,NA,NA,NA
Diploperennis,Teosinte,6C,3.2,37.00,11.00,NA,NA,NA,NA,NA,NA,NA,NA,NA,NA,NA,NA,NA,NA,NA,NA
Diploperennis,Teosinte,6C,3.3,38.00,11.00,NA,NA,NA,NA,NA,NA,NA,NA,NA,NA,NA,NA,NA,NA,NA,NA
Diploperennis,Teosinte,6C,3.4,39.00,11.00,NA,NA,NA,NA,NA,NA,NA,NA,NA,NA,NA,NA,NA,NA,NA,NA
Diploperennis,Teosinte,6C,3.5,40.00,11.00,NA,NA,NA,NA,NA,NA,NA,NA,NA,NA,NA,NA,NA,NA,NA,NA
Diploperennis,Teosinte,6C,3.6,41.00,11.00,NA,NA,NA,NA,NA,NA,NA,NA,NA,NA,NA,NA,NA,NA,NA,NA
Diploperennis,Teosinte,6C,3.7,42.00,11.00,NA,NA,NA,NA,NA,NA,NA,NA,NA,NA,NA,NA,NA,NA,NA,NA
Diploperennis,Teosinte,6C,4.1,36.00,12.00,NA,NA,NA,NA,NA,NA,NA,NA,NA,NA,NA,NA,NA,NA,NA,NA
Diploperennis,Teosinte,6C,4.2,37.00,12.00,1.47,70.77,77.97,NA,NA,NA,NA,NA,NA,NA,NA,NA,NA,NA,NA,NA
Diploperennis,Teosinte,6C,4.3,38.00,12.00,2.91,42.29,56.49,3.46,31.47,48.34,61.00,154.94,18.00,5.00,4.00,9.00,NA,NA,NA,NA
Diploperennis,Teosinte,6C,4.4,39.00,12.00,NA,NA,NA,NA,NA,NA,NA,NA,NA,NA,NA,NA,NA,NA,NA,NA
Diploperennis,Teosinte,6C,4.5,40.00,12.00,3.11,38.37,53.54,3.74,25.95,44.18,41.00,104.14,18.00,7.00,5.00,12.00,NA,NA,NA,NA
Diploperennis,Teosinte,6C,4.6,41.00,12.00,1.94,61.63,71.08,1.10,78.20,83.56,62.00,157.48,20.00,8.00,8.00,16.00,NA,NA,NA,NA
Diploperennis,Teosinte,6C,4.7,42.00,12.00,NA,NA,NA,NA,NA,NA,NA,NA,NA,NA,NA,NA,NA,NA,NA,NA
Santa_Maria_Tiltepec,Highland,6D,1.1,36.00,13.00,2.71,46.34,59.54,2.71,46.38,59.57,NA,NA,NA,NA,NA,NA,116.00,123.00,1.00,1.00
Santa_Maria_Tiltepec,Highland,6D,1.2,37.00,13.00,2.44,51.70,63.59,2.27,55.08,66.13,126.25,320.68,23.00,7.00,6.00,13.00,116.00,123.00,1.00,NA
Santa_Maria_Tiltepec,Highland,6D,1.3,38.00,13.00,3.36,33.32,49.73,4.57,9.43,31.72,NA,NA,NA,NA,NA,NA,130.00,130.00,NA,NA
Santa_Maria_Tiltepec,Highland,6D,1.4,39.00,13.00,2.29,54.72,65.86,4.47,11.38,33.19,NA,NA,NA,NA,NA,NA,116.00,130.00,2.00,1.00
Santa_Maria_Tiltepec,Highland,6D,1.5,40.00,13.00,2.49,50.62,62.77,4.31,14.55,35.58,NA,NA,NA,NA,NA,NA,109.00,116.00,1.00,1.00
Santa_Maria_Tiltepec,Highland,6D,1.6,41.00,13.00,0.59,88.23,91.13,3.51,30.49,47.59,149.50,379.73,22.00,7.00,6.00,13.00,116.00,116.00,1.00,1.00
Santa_Maria_Tiltepec,Highland,6D,1.7,42.00,13.00,0.26,94.85,96.11,1.42,71.76,78.71,NA,NA,NA,NA,NA,NA,116.00,123.00,2.00,1.00
Santa_Maria_Tiltepec,Highland,6D,2.1,36.00,14.00,-0.29,105.74,104.33,1.06,78.98,84.16,NA,NA,NA,NA,NA,NA,123.00,123.00,NA,NA
Santa_Maria_Tiltepec,Highland,6D,2.2,37.00,14.00,0.97,80.74,85.48,5.63,-11.59,15.88,144.25,366.40,20.00,6.00,6.00,12.00,116.00,116.00,1.00,1.00
Santa_Maria_Tiltepec,Highland,6D,2.3,38.00,14.00,-0.11,102.23,101.68,3.03,39.88,54.67,159.25,404.50,24.00,7.00,6.00,13.00,116.00,123.00,1.00,1.00
Santa_Maria_Tiltepec,Highland,6D,2.4,39.00,14.00,3.03,40.04,54.79,5.17,-2.47,22.75,147.13,373.70,24.00,10.00,9.00,19.00,116.00,123.00,2.00,2.00
Santa_Maria_Tiltepec,Highland,6D,2.5,40.00,14.00,1.64,67.44,75.45,4.22,16.39,36.96,150.50,382.27,24.00,5.00,4.00,9.00,130.00,130.00,1.00,1.00
Santa_Maria_Tiltepec,Highland,6D,2.6,41.00,14.00,NA,NA,NA,NA,NA,NA,NA,NA,NA,NA,NA,NA,NA,NA,NA,NA
Santa_Maria_Tiltepec,Highland,6D,2.7,42.00,14.00,0.00,100.08,100.06,1.71,66.21,74.52,147.25,374.02,21.00,7.00,6.00,13.00,116.00,116.00,2.00,2.00
Santa_Maria_Tiltepec,Highland,6D,3.1,36.00,15.00,1.21,75.96,81.88,3.53,30.02,47.24,NA,NA,NA,NA,NA,NA,109.00,116.00,1.00,NA
Santa_Maria_Tiltepec,Highland,6D,3.2,37.00,15.00,3.16,37.35,52.77,7.03,-39.39,-5.09,158.50,402.59,21.00,4.00,3.00,7.00,116.00,123.00,1.00,NA
Santa_Maria_Tiltepec,Highland,6D,3.3,38.00,15.00,1.18,76.60,82.36,2.15,57.47,67.93,145.25,368.94,25.00,7.00,6.00,13.00,130.00,130.00,NA,NA
Santa_Maria_Tiltepec,Highland,6D,3.4,39.00,15.00,0.56,88.92,91.65,5.41,-7.13,19.24,147.75,375.29,22.00,6.00,5.00,11.00,109.00,116.00,NA,NA
Santa_Maria_Tiltepec,Highland,6D,3.5,40.00,15.00,2.11,58.28,68.55,5.95,-17.88,11.13,130.00,330.20,19.00,5.00,4.00,9.00,116.00,123.00,1.00,1.00
Santa_Maria_Tiltepec,Highland,6D,3.6,41.00,15.00,2.33,53.80,65.17,3.71,26.50,44.59,133.25,338.46,21.00,7.00,6.00,13.00,130.00,130.00,1.00,1.00
Santa_Maria_Tiltepec,Highland,6D,3.7,42.00,15.00,0.28,94.54,95.88,1.02,79.77,84.75,NA,NA,NA,NA,NA,NA,123.00,123.00,1.00,1.00
Santa_Maria_Tiltepec,Highland,6D,4.1,36.00,16.00,NA,NA,NA,NA,NA,NA,NA,NA,NA,NA,NA,NA,NA,NA,NA,NA
Santa_Maria_Tiltepec,Highland,6D,4.2,37.00,16.00,NA,NA,NA,4.83,4.21,27.79,127.25,323.22,22.00,8.00,7.00,15.00,116.00,123.00,2.00,1.00
Santa_Maria_Tiltepec,Highland,6D,4.3,38.00,16.00,0.93,81.66,86.18,3.41,32.39,49.03,145.38,369.25,20.00,5.00,4.00,9.00,109.00,116.00,1.00,NA
Santa_Maria_Tiltepec,Highland,6D,4.4,39.00,16.00,1.55,69.36,76.90,2.38,52.76,64.39,NA,NA,NA,NA,NA,NA,116.00,123.00,1.00,NA
Santa_Maria_Tiltepec,Highland,6D,4.5,40.00,16.00,2.48,50.87,62.96,2.94,41.75,56.08,NA,NA,NA,NA,NA,NA,116.00,116.00,1.00,1.00
Santa_Maria_Tiltepec,Highland,6D,4.6,41.00,16.00,0.08,98.49,98.86,0.88,82.65,86.92,135.63,344.49,21.00,6.00,5.00,11.00,109.00,116.00,1.00,1.00
Santa_Maria_Tiltepec,Highland,6D,4.7,42.00,16.00,NA,NA,NA,NA,NA,NA,NA,NA,NA,NA,NA,NA,NA,NA,NA,NA
B73xMo17,Modern,7A,1.1,43.00,1.00,0.18,NA,97.31,NA,NA,NA,NA,NA,NA,NA,NA,NA,74.00,81.00,2.00,1.00
B73xMo17,Modern,7A,1.2,44.00,1.00,3.10,NA,53.75,NA,NA,NA,66.00,167.64,14.00,2.00,2.00,4.00,74.00,81.00,2.00,1.00
B73xMo17,Modern,7A,1.3,45.00,1.00,2.57,NA,61.66,NA,NA,NA,NA,NA,NA,NA,NA,NA,74.00,81.00,2.00,2.00
B73xMo17,Modern,7A,1.4,46.00,1.00,3.02,NA,54.94,NA,NA,NA,NA,NA,NA,NA,NA,NA,74.00,81.00,2.00,1.00
B73xMo17,Modern,7A,1.5,47.00,1.00,3.05,NA,54.49,NA,NA,NA,NA,NA,NA,NA,NA,NA,67.00,74.00,1.00,1.00
B73xMo17,Modern,7A,1.6,48.00,1.00,3.28,NA,50.96,NA,NA,NA,54.50,138.43,12.00,1.00,1.00,2.00,74.00,81.00,2.00,2.00
B73xMo17,Modern,7A,1.7,49.00,1.00,1.75,NA,73.93,NA,NA,NA,NA,NA,NA,NA,NA,NA,74.00,81.00,2.00,2.00
B73xMo17,Modern,7A,2.1,43.00,2.00,1.69,NA,74.73,NA,NA,NA,NA,NA,NA,NA,NA,NA,74.00,81.00,2.00,1.00
B73xMo17,Modern,7A,2.2,44.00,2.00,0.92,NA,86.23,NA,NA,NA,64.00,162.56,12.00,1.00,1.00,2.00,74.00,88.00,1.00,1.00
B73xMo17,Modern,7A,2.3,45.00,2.00,0.81,NA,87.91,NA,NA,NA,70.00,177.80,13.00,1.00,1.00,2.00,74.00,81.00,2.00,1.00
B73xMo17,Modern,7A,2.4,46.00,2.00,2.20,NA,67.09,NA,NA,NA,54.00,137.16,11.00,1.00,0.00,1.00,74.00,81.00,2.00,1.00
B73xMo17,Modern,7A,2.5,47.00,2.00,3.37,NA,49.61,NA,NA,NA,51.00,129.54,11.00,2.00,1.00,3.00,74.00,81.00,1.00,1.00
B73xMo17,Modern,7A,2.6,48.00,2.00,3.55,NA,46.91,NA,NA,NA,41.00,104.14,13.00,2.00,2.00,4.00,81.00,81.00,2.00,1.00
B73xMo17,Modern,7A,2.7,49.00,2.00,1.78,NA,73.34,NA,NA,NA,NA,NA,NA,NA,NA,NA,74.00,81.00,1.00,1.00
B73xMo17,Modern,7A,3.1,43.00,3.00,0.80,NA,87.98,NA,NA,NA,NA,NA,NA,NA,NA,NA,81.00,81.00,1.00,1.00
B73xMo17,Modern,7A,3.2,44.00,3.00,1.54,NA,77.00,NA,NA,NA,65.75,167.01,12.00,1.00,1.00,2.00,74.00,81.00,2.00,1.00
B73xMo17,Modern,7A,3.3,45.00,3.00,-0.11,NA,101.72,NA,NA,NA,57.25,145.42,12.00,2.00,1.00,3.00,74.00,81.00,1.00,1.00
B73xMo17,Modern,7A,3.4,46.00,3.00,-0.03,NA,100.51,NA,NA,NA,63.75,161.93,13.00,1.00,1.00,2.00,74.00,81.00,2.00,1.00
B73xMo17,Modern,7A,3.5,47.00,3.00,NA,NA,100.00,NA,NA,NA,NA,NA,NA,NA,NA,NA,NA,NA,NA,NA
B73xMo17,Modern,7A,3.6,48.00,3.00,0.13,NA,98.03,NA,NA,NA,59.00,149.86,13.00,1.00,1.00,2.00,74.00,81.00,2.00,2.00
B73xMo17,Modern,7A,3.7,49.00,3.00,0.70,NA,89.58,NA,NA,NA,55.25,140.34,13.00,1.00,1.00,2.00,81.00,81.00,2.00,2.00
B73xMo17,Modern,7A,4.1,43.00,4.00,1.77,NA,73.55,NA,NA,NA,NA,NA,NA,NA,NA,NA,74.00,81.00,2.00,1.00
B73xMo17,Modern,7A,4.2,44.00,4.00,3.25,NA,51.41,NA,NA,NA,57.25,145.42,11.00,2.00,1.00,3.00,74.00,81.00,1.00,1.00
B73xMo17,Modern,7A,4.3,45.00,4.00,4.82,NA,27.93,NA,NA,NA,59.75,151.77,12.00,1.00,1.00,2.00,74.00,81.00,2.00,2.00
B73xMo17,Modern,7A,4.4,46.00,4.00,1.66,NA,75.23,NA,NA,NA,NA,NA,NA,NA,NA,NA,74.00,81.00,2.00,1.00
B73xMo17,Modern,7A,4.5,47.00,4.00,1.59,NA,76.22,NA,NA,NA,NA,NA,NA,NA,NA,NA,74.00,88.00,2.00,1.00
B73xMo17,Modern,7A,4.6,48.00,4.00,2.41,NA,63.93,NA,NA,NA,48.75,123.83,11.00,0.00,0.00,0.00,74.00,88.00,2.00,1.00
B73xMo17,Modern,7A,4.7,49.00,4.00,1.37,NA,79.59,NA,NA,NA,NA,NA,NA,NA,NA,NA,74.00,81.00,2.00,1.00
Jaltepec_de_Candayoc,Lowland,7B,1.1,43.00,5.00,NA,NA,NA,NA,NA,NA,NA,NA,NA,NA,NA,NA,NA,NA,NA,NA
Jaltepec_de_Candayoc,Lowland,7B,1.2,44.00,5.00,NA,NA,NA,NA,NA,NA,NA,NA,NA,NA,NA,NA,NA,NA,NA,NA
Jaltepec_de_Candayoc,Lowland,7B,1.3,45.00,5.00,NA,NA,NA,NA,NA,NA,NA,NA,NA,NA,NA,NA,NA,NA,NA,NA
Jaltepec_de_Candayoc,Lowland,7B,1.4,46.00,5.00,NA,NA,NA,NA,NA,NA,NA,NA,NA,NA,NA,NA,NA,NA,NA,NA
Jaltepec_de_Candayoc,Lowland,7B,1.5,47.00,5.00,NA,NA,NA,NA,NA,NA,NA,NA,NA,NA,NA,NA,NA,NA,NA,NA
Jaltepec_de_Candayoc,Lowland,7B,1.6,48.00,5.00,NA,NA,NA,NA,NA,NA,NA,NA,NA,NA,NA,NA,NA,NA,NA,NA
Jaltepec_de_Candayoc,Lowland,7B,1.7,49.00,5.00,NA,NA,NA,NA,NA,NA,NA,NA,NA,NA,NA,NA,NA,NA,NA,NA
Jaltepec_de_Candayoc,Lowland,7B,2.1,43.00,6.00,NA,NA,NA,NA,NA,NA,NA,NA,NA,NA,NA,NA,NA,NA,NA,NA
Jaltepec_de_Candayoc,Lowland,7B,2.2,44.00,6.00,-0.61,112.12,109.14,0.52,89.74,92.27,NA,NA,NA,NA,NA,NA,NA,NA,NA,NA
Jaltepec_de_Candayoc,Lowland,7B,2.3,45.00,6.00,NA,NA,NA,NA,NA,NA,NA,NA,NA,NA,NA,NA,NA,NA,NA,NA
Jaltepec_de_Candayoc,Lowland,7B,2.4,46.00,6.00,-0.39,107.68,105.79,1.45,71.20,78.29,114.50,290.83,18.00,4.00,3.00,7.00,95.00,102.00,2.00,2.00
Jaltepec_de_Candayoc,Lowland,7B,2.5,47.00,6.00,NA,NA,NA,NA,NA,NA,NA,NA,NA,NA,NA,NA,NA,NA,NA,NA
Jaltepec_de_Candayoc,Lowland,7B,2.6,48.00,6.00,NA,NA,NA,NA,NA,NA,NA,NA,NA,NA,NA,NA,NA,NA,NA,NA
Jaltepec_de_Candayoc,Lowland,7B,2.7,49.00,6.00,NA,NA,NA,NA,NA,NA,NA,NA,NA,NA,NA,NA,NA,NA,NA,NA
Jaltepec_de_Candayoc,Lowland,7B,3.1,43.00,7.00,NA,NA,NA,NA,NA,NA,NA,NA,NA,NA,NA,NA,NA,NA,NA,NA
San_Marcos_Moctum,Lowland,7B,3.2,44.00,7.00,NA,NA,NA,NA,NA,NA,NA,NA,NA,NA,NA,NA,NA,NA,NA,NA
San_Marcos_Moctum,Lowland,7B,3.3,45.00,7.00,-0.41,108.12,106.12,3.64,27.93,45.66,104.00,264.16,19.00,5.00,4.00,9.00,95.00,102.00,2.00,1.00
Jaltepec_de_Candayoc,Lowland,7B,3.4,46.00,7.00,-1.43,128.34,121.36,2.81,44.29,58.00,108.25,274.96,16.00,5.00,4.00,9.00,95.00,102.00,1.00,NA
Jaltepec_de_Candayoc,Lowland,7B,3.5,47.00,7.00,NA,NA,NA,NA,NA,NA,NA,NA,NA,NA,NA,NA,NA,NA,NA,NA
Jaltepec_de_Candayoc,Lowland,7B,3.6,48.00,7.00,NA,NA,NA,NA,NA,NA,NA,NA,NA,NA,NA,NA,NA,NA,NA,NA
Jaltepec_de_Candayoc,Lowland,7B,3.7,49.00,7.00,NA,NA,NA,NA,NA,NA,NA,NA,NA,NA,NA,NA,NA,NA,NA,NA
Jaltepec_de_Candayoc,Lowland,7B,4.1,43.00,8.00,NA,NA,NA,NA,NA,NA,NA,NA,NA,NA,NA,NA,NA,NA,NA,NA
Jaltepec_de_Candayoc,Lowland,7B,4.2,44.00,8.00,NA,NA,NA,NA,NA,NA,NA,NA,NA,NA,NA,NA,NA,NA,NA,NA
Jaltepec_de_Candayoc,Lowland,7B,4.3,45.00,8.00,NA,NA,NA,NA,NA,NA,NA,NA,NA,NA,NA,NA,NA,NA,NA,NA
Jaltepec_de_Candayoc,Lowland,7B,4.4,46.00,8.00,NA,NA,NA,NA,NA,NA,NA,NA,NA,NA,NA,NA,NA,NA,NA,NA
Jaltepec_de_Candayoc,Lowland,7B,4.5,47.00,8.00,NA,NA,NA,NA,NA,NA,NA,NA,NA,NA,NA,NA,NA,NA,NA,NA
Jaltepec_de_Candayoc,Lowland,7B,4.6,48.00,8.00,NA,NA,NA,NA,NA,NA,NA,NA,NA,NA,NA,NA,NA,NA,NA,NA
Jaltepec_de_Candayoc,Lowland,7B,4.7,49.00,8.00,NA,NA,NA,NA,NA,NA,NA,NA,NA,NA,NA,NA,NA,NA,NA,NA
San_Ildefonso_Villa_Alta,Lowland,7C,1.1,43.00,9.00,NA,NA,NA,NA,NA,NA,NA,NA,NA,NA,NA,NA,NA,NA,NA,NA
San_Ildefonso_Villa_Alta,Lowland,7C,1.2,44.00,9.00,NA,NA,NA,NA,NA,NA,NA,NA,NA,NA,NA,NA,NA,NA,NA,NA
San_Ildefonso_Villa_Alta,Lowland,7C,1.3,45.00,9.00,NA,NA,NA,NA,NA,NA,NA,NA,NA,NA,NA,NA,NA,NA,NA,NA
San_Ildefonso_Villa_Alta,Lowland,7C,1.4,46.00,9.00,3.31,34.32,50.48,3.03,40.03,54.79,NA,NA,NA,NA,NA,NA,NA,NA,NA,NA
San_Ildefonso_Villa_Alta,Lowland,7C,1.5,47.00,9.00,2.11,58.20,68.49,3.62,28.17,45.85,106.75,271.15,19.00,6.00,5.00,11.00,116.00,130.00,NA,NA
San_Ildefonso_Villa_Alta,Lowland,7C,1.6,48.00,9.00,-0.78,115.44,111.64,1.55,69.29,76.85,93.00,236.22,20.00,6.00,5.00,11.00,116.00,130.00,2.00,NA
San_Ildefonso_Villa_Alta,Lowland,7C,1.7,49.00,9.00,1.35,73.22,79.81,0.24,95.26,96.43,NA,NA,NA,NA,NA,NA,123.00,NA,NA,NA
San_Ildefonso_Villa_Alta,Lowland,7C,2.1,43.00,10.00,1.90,62.27,71.55,2.95,41.64,56.00,61.00,154.94,19.00,7.00,6.00,13.00,NA,NA,NA,NA
San_Ildefonso_Villa_Alta,Lowland,7C,2.2,44.00,10.00,2.43,51.78,63.65,3.70,26.73,44.76,105.50,267.97,20.00,6.00,5.00,11.00,123.00,130.00,1.00,1.00
San_Ildefonso_Villa_Alta,Lowland,7C,2.3,45.00,10.00,3.30,34.60,50.70,5.68,-12.50,15.19,99.50,252.73,19.00,3.00,2.00,5.00,123.00,NA,3.00,NA
San_Ildefonso_Villa_Alta,Lowland,7C,2.4,46.00,10.00,2.48,50.78,62.89,5.39,-6.85,19.45,96.50,245.11,20.00,5.00,4.00,9.00,123.00,130.00,2.00,NA
San_Ildefonso_Villa_Alta,Lowland,7C,2.5,47.00,10.00,0.08,98.41,98.80,2.76,45.23,58.71,91.25,231.78,20.00,5.00,4.00,9.00,123.00,NA,NA,NA
San_Ildefonso_Villa_Alta,Lowland,7C,2.6,48.00,10.00,NA,NA,NA,NA,NA,NA,NA,NA,NA,NA,NA,NA,NA,NA,NA,NA
San_Ildefonso_Villa_Alta,Lowland,7C,2.7,49.00,10.00,-0.45,108.86,106.68,1.74,65.49,73.98,95.25,241.94,22.00,6.00,5.00,11.00,130.00,NA,1.00,NA
San_Ildefonso_Villa_Alta,Lowland,7C,3.1,43.00,11.00,NA,NA,NA,NA,NA,NA,NA,NA,NA,NA,NA,NA,NA,NA,NA,NA
San_Ildefonso_Villa_Alta,Lowland,7C,3.2,44.00,11.00,2.55,49.44,61.88,4.49,11.11,32.98,111.25,282.58,20.00,7.00,6.00,13.00,116.00,123.00,2.00,NA
San_Ildefonso_Villa_Alta,Lowland,7C,3.3,45.00,11.00,3.56,29.37,46.75,3.58,29.00,46.47,100.50,255.27,22.00,5.00,4.00,9.00,130.00,130.00,2.00,NA
San_Ildefonso_Villa_Alta,Lowland,7C,3.4,46.00,11.00,NA,NA,NA,NA,NA,NA,NA,NA,NA,NA,NA,NA,NA,NA,NA,NA
San_Ildefonso_Villa_Alta,Lowland,7C,3.5,47.00,11.00,1.62,67.88,75.78,2.20,56.44,67.16,84.25,214.00,18.00,5.00,4.00,9.00,NA,NA,NA,NA
San_Ildefonso_Villa_Alta,Lowland,7C,3.6,48.00,11.00,1.40,72.27,79.10,2.25,55.35,66.33,70.00,177.80,20.00,6.00,6.00,12.00,130.00,130.00,1.00,NA
San_Ildefonso_Villa_Alta,Lowland,7C,3.7,49.00,11.00,NA,NA,NA,NA,NA,NA,NA,NA,NA,NA,NA,NA,NA,NA,NA,NA
San_Ildefonso_Villa_Alta,Lowland,7C,4.1,43.00,12.00,-0.65,112.95,109.77,0.98,80.55,85.34,NA,NA,NA,NA,NA,NA,116.00,130.00,1.00,NA
San_Ildefonso_Villa_Alta,Lowland,7C,4.2,44.00,12.00,NA,NA,NA,NA,NA,NA,NA,NA,NA,NA,NA,NA,NA,NA,NA,NA
San_Ildefonso_Villa_Alta,Lowland,7C,4.3,45.00,12.00,0.58,88.48,91.31,2.19,56.67,67.33,110.50,280.67,20.00,6.00,5.00,11.00,NA,NA,2.00,NA
San_Ildefonso_Villa_Alta,Lowland,7C,4.4,46.00,12.00,0.74,85.34,88.95,2.69,46.63,59.77,NA,NA,NA,NA,NA,NA,130.00,130.00,3.00,NA
San_Ildefonso_Villa_Alta,Lowland,7C,4.5,47.00,12.00,1.77,65.02,73.63,1.06,78.91,84.10,107.33,272.61,18.00,7.00,7.00,14.00,123.00,NA,2.00,NA
San_Ildefonso_Villa_Alta,Lowland,7C,4.6,48.00,12.00,0.13,97.33,97.99,-1.26,125.02,118.86,96.00,243.84,19.00,6.00,5.00,11.00,130.00,NA,3.00,NA
San_Ildefonso_Villa_Alta,Lowland,7C,4.7,49.00,12.00,NA,NA,NA,NA,NA,NA,NA,NA,NA,NA,NA,NA,NA,NA,NA,NA
B73xMo17,Modern,7D,1.1,43.00,13.00,0.55,NA,91.83,NA,NA,NA,NA,NA,NA,NA,NA,NA,81.00,81.00,2.00,2.00
B73xMo17,Modern,7D,1.2,44.00,13.00,1.52,NA,77.22,NA,NA,NA,62.50,158.75,14.00,1.00,1.00,2.00,81.00,88.00,1.00,1.00
B73xMo17,Modern,7D,1.3,45.00,13.00,1.58,NA,76.41,NA,NA,NA,NA,NA,NA,NA,NA,NA,74.00,81.00,2.00,1.00
B73xMo17,Modern,7D,1.4,46.00,13.00,0.65,NA,90.27,NA,NA,NA,NA,NA,NA,NA,NA,NA,81.00,88.00,2.00,2.00
B73xMo17,Modern,7D,1.5,47.00,13.00,0.32,NA,95.24,NA,NA,NA,NA,NA,NA,NA,NA,NA,81.00,81.00,2.00,1.00
B73xMo17,Modern,7D,1.6,48.00,13.00,0.41,NA,93.89,NA,NA,NA,62.25,158.12,13.00,1.00,1.00,2.00,81.00,88.00,2.00,1.00
B73xMo17,Modern,7D,1.7,49.00,13.00,2.31,NA,65.49,NA,NA,NA,NA,NA,NA,NA,NA,NA,81.00,88.00,1.00,1.00
B73xMo17,Modern,7D,2.1,43.00,14.00,1.69,NA,74.78,NA,NA,NA,51.00,129.54,12.00,1.00,1.00,2.00,74.00,74.00,2.00,2.00
B73xMo17,Modern,7D,2.2,44.00,14.00,NA,NA,100.00,NA,NA,NA,NA,NA,NA,NA,NA,NA,NA,NA,NA,NA
B73xMo17,Modern,7D,2.3,45.00,14.00,2.46,NA,63.22,NA,NA,NA,68.25,173.36,14.00,2.00,1.00,3.00,74.00,81.00,2.00,1.00
B73xMo17,Modern,7D,2.4,46.00,14.00,2.64,NA,60.64,NA,NA,NA,57.00,144.78,13.00,3.00,2.00,5.00,74.00,81.00,2.00,1.00
B73xMo17,Modern,7D,2.5,47.00,14.00,1.45,NA,78.36,NA,NA,NA,47.00,119.38,12.00,1.00,1.00,2.00,81.00,88.00,1.00,1.00
B73xMo17,Modern,7D,2.6,48.00,14.00,4.28,NA,36.13,NA,NA,NA,47.50,120.65,11.00,1.00,1.00,2.00,74.00,81.00,2.00,1.00
B73xMo17,Modern,7D,2.7,49.00,14.00,1.82,NA,72.76,NA,NA,NA,NA,NA,NA,NA,NA,NA,74.00,81.00,2.00,2.00
B73xMo17,Modern,7D,3.1,43.00,15.00,2.90,NA,56.72,NA,NA,NA,74.50,189.23,13.00,2.00,1.00,3.00,74.00,81.00,2.00,2.00
B73xMo17,Modern,7D,3.2,44.00,15.00,2.25,NA,66.45,NA,NA,NA,67.00,170.18,13.00,1.00,0.00,1.00,74.00,81.00,2.00,2.00
B73xMo17,Modern,7D,3.3,45.00,15.00,2.17,NA,67.61,NA,NA,NA,66.25,168.28,13.00,1.00,0.00,1.00,74.00,81.00,2.00,2.00
B73xMo17,Modern,7D,3.4,46.00,15.00,1.32,NA,80.35,NA,NA,NA,62.25,158.12,14.00,2.00,1.00,3.00,74.00,81.00,3.00,2.00
B73xMo17,Modern,7D,3.5,47.00,15.00,NA,NA,100.00,NA,NA,NA,NA,NA,NA,NA,NA,NA,NA,NA,NA,NA
B73xMo17,Modern,7D,3.6,48.00,15.00,1.53,NA,77.21,NA,NA,NA,51.75,131.45,13.00,1.00,1.00,2.00,81.00,81.00,2.00,2.00
B73xMo17,Modern,7D,3.7,49.00,15.00,2.70,NA,59.72,NA,NA,NA,46.50,118.11,11.00,2.00,2.00,4.00,81.00,88.00,2.00,2.00
B73xMo17,Modern,7D,4.1,43.00,16.00,2.27,NA,66.08,NA,NA,NA,NA,NA,NA,NA,NA,NA,74.00,81.00,2.00,2.00
B73xMo17,Modern,7D,4.2,44.00,16.00,2.88,NA,57.02,NA,NA,NA,59.00,149.86,12.00,2.00,1.00,3.00,74.00,81.00,2.00,1.00
B73xMo17,Modern,7D,4.3,45.00,16.00,1.97,NA,70.52,NA,NA,NA,62.25,158.12,12.00,2.00,2.00,4.00,74.00,81.00,2.00,1.00
B73xMo17,Modern,7D,4.4,46.00,16.00,1.49,NA,77.70,NA,NA,NA,NA,NA,NA,NA,NA,NA,74.00,81.00,2.00,1.00
B73xMo17,Modern,7D,4.5,47.00,16.00,2.82,NA,57.92,NA,NA,NA,NA,NA,NA,NA,NA,NA,74.00,74.00,2.00,1.00
B73xMo17,Modern,7D,4.6,48.00,16.00,2.52,NA,62.29,NA,NA,NA,57.38,145.73,12.00,2.00,2.00,4.00,74.00,81.00,2.00,2.00
B73xMo17,Modern,7D,4.7,49.00,16.00,2.88,NA,56.92,NA,NA,NA,NA,NA,NA,NA,NA,NA,88.00,88.00,1.00,1.00
